,0,1,2,3,4,5,6,7,8,9,10,11,12,13,14,15,16,17,18,19,20,21,22,23,24,25,26,27,28,29,30,31
q06_1,0.10044908323468273,-0.25736970368968953,-0.11807879189411682,0.06693737986002976,0.1307487292833375,-0.2860144163309399,0.13945483586563087,0.03406559295266282,0.0947034974758492,0.04913552954718156,0.14628508051478337,-0.1308606220810526,-0.18268663333251745,-0.04168016136771844,-0.12785559042655,0.24568138318646596,0.10314459357656312,0.16171130590608376,0.06596270270525323,0.06707110291853466,0.20243331898053502,0.10953297784860519,-0.20303943551464523,-4.570398883759447e-05,-0.03315595039437136,-0.0076192370912444175,-0.11702426622115308,0.17990545374300912,-0.026477579283274356,0.08813665849036599,-0.004218994061274849,-0.06133221925726297
q06_2,0.10234863672316379,-0.22576888347318433,-0.23456040689112498,0.21945410309349908,0.2469922625402293,-0.17811113982854737,0.2181658498978649,-0.002038055747538489,0.15264522556778573,0.0071816701826058526,0.02228359404249948,-0.20618937455961453,-0.16776851346260088,-0.17043302820558529,-0.05191002942450503,0.24423791129095737,-0.026563142993553043,0.07559107773094559,0.10002493635714789,0.06933955829293403,0.15949639231779797,0.06672553194523075,-0.1245124265199313,-0.0547628651335485,0.025672459650032578,0.0381459499218137,-0.06304107616387102,0.07972361001727583,-0.027397171636747503,0.02284259817086502,0.060875281899074554,-0.12009664209719462
q06_3,-0.28406690527999456,0.37943922404421127,-0.02530378668674866,-0.17007208277112199,-0.10819569317160568,0.04544295784090551,-0.26669198140530476,-0.07301757445077432,-0.1491118190594463,-0.04435420903975146,0.09718754636616106,0.04953422329468849,0.193076001569568,0.07935850497007467,-0.06476534817920439,-0.06639750327780067,-0.023579871184822146,-0.048627662943410685,-0.01518995361633275,0.007923398006354197,-0.08171205767288396,0.08795983422605753,0.20336259325425532,0.04156781717212931,0.007641771958452037,-0.14902923065365214,0.0019669454762212685,-0.02665666322824166,-0.015198930885825345,-0.03923966828984257,-0.0011461514898666956,0.1493274655763007
q06_4,-0.3365514386010583,0.1784753493137396,0.34706983601956864,-0.3335922761791262,-0.08017386458349456,0.10550418449846885,-0.23985206805863699,0.027650798190221183,-0.08539702958781194,-0.1130612839427576,0.012996318781879082,0.12112650076708782,0.04965693733925537,0.041843554448118436,0.0010068895794058982,-0.11336875546367726,0.0835751819198923,-0.03989963300948071,-0.12805686909277658,0.08462077554291234,-0.1730849170451575,0.028802761300010835,0.12171462830580881,0.030859132001221142,-0.036959792016789436,-0.17515944562392602,-0.013984602124773727,-0.042791287304671445,0.04413650085500634,0.0036053578185955893,-0.004040610846958051,0.06085376048701179
q06_5,-0.34056273993293834,0.3178632223143852,0.09400660191989889,-0.22283806625515487,0.18771822156219456,0.268952735408219,-0.09432307348990548,0.13171749150234935,0.08967847240341963,-0.09789679832077056,0.0426306909025827,-0.18460143920573252,0.06771505025417439,-0.002517070614570937,-0.05236316065290395,-0.10808187798240947,-0.025282156746415582,-0.045645212773452355,-0.023805912316882182,0.1003961525083895,-0.04711163004751481,0.0828158187903942,0.00043455328163567486,0.0483655508895096,-0.10010931716889294,-0.0061039565584353785,0.18755187918826235,-0.06760454317868475,-0.06969918498864681,0.1443257565236587,0.052506384746928175,-0.059015246085915726
q06_6,0.15084655220676393,-0.2804649279566338,-0.1973503460949146,0.2669225321806863,-0.08105734897368626,-0.21503068036495995,0.06539375344610378,-0.08923731636365886,-0.03700376961525032,-0.06064348791443374,0.19045455431912595,0.20330748894724066,-0.03101964877266785,-0.10169132793391618,-0.11252813020937469,0.23248258722404253,-0.08157255548147649,0.035431003382381226,0.036279019309392584,-0.023039210707143494,0.056449887762996885,0.18661688752110683,0.07728794253910247,0.03602323728724386,-0.09477008519309695,-0.07830324987595044,-0.14214893666497624,0.05807273644884346,0.03713963527103571,-0.009144630892386527,0.17725594490873697,0.0352886981952627
q06_7,-0.33398688772685037,0.3043487642242519,0.18656010911424786,-0.32665044630467094,0.13041710246117658,0.11767186427356836,-0.10517001161942982,0.15605719139343477,0.059145747858928184,0.07566068454288105,-0.0319113450257067,-0.22688471386715472,-0.09823408151354487,0.14514672075996082,0.01893813788244402,-0.09440797061933834,0.14757358232665505,0.05835332015844634,-0.021092943561560287,0.14753339674973978,-0.046010699732760264,-0.08219901877068,-0.004947034155840157,0.03896852353503955,0.048635686093373244,-0.041857995560940976,0.06258560161117112,-0.03381939221264276,0.019431873389530174,0.08603751422732447,-0.10936681625265236,-0.1196629397938729
q06_8,0.088886888209716,0.09207902316170963,0.09134362467777761,-0.18674344438904306,-0.009681876873160864,-0.16238648745810583,0.025716621212780046,-0.014199603456885682,0.18647965551714044,-0.04952356034996704,0.25110044459619346,-0.09672654016494861,0.03283305767210229,-0.08804234555839492,-0.008398782262354479,-0.10195555211726018,-0.13287800039720354,-0.02380017800085224,0.009633030489133023,-0.022988184569509927,-0.10227464666509467,0.26117690558258866,0.10697258266640781,-0.017883698426078638,0.20500997538782553,-0.22553315138533295,0.05369015092724952,0.1589287695774855,-0.10472979419395512,0.06877438912037515,0.23929733331216685,-0.28815646611055296
q06_9,0.02373416625440592,0.013385141468726863,0.007992046815111672,0.09945197935943245,-0.1420677489874201,-0.2534813508189022,-0.014188325307787613,-0.14393906261413972,-0.060522693207529336,0.13632358340758155,0.12415829454927459,0.17012691347250794,-0.1481003380016555,-0.035300407066887814,0.07913997921161171,0.1804798688030925,0.0877035347567298,-0.05613463762067908,-0.03039473166735676,-0.014025811631177295,0.03878017137351304,0.07196833010138912,0.10121476392478304,-0.13727939656158983,-0.0010192212632588453,-0.423598327025543,-0.11217169735397842,-0.16219822430396366,0.24098326476081866,-0.1619404132575503,-0.0001534146215468133,0.0952464336962706
q06_10,-0.341200191963618,0.3388464482180478,0.21661334341384572,-0.34938180464417246,-0.0069048097482531864,0.03966116921176938,-0.1487529982340343,0.0735346012620046,-0.044210477437188034,-0.007016046068145604,-0.017096645867415956,-0.0829770440860674,-0.11258258233180614,0.10457674994814635,-0.0231960274478909,-0.05519060009952422,0.11643800719124962,0.10479946222686096,-0.03666825698218258,0.0629655622137058,-0.0375045435948221,-0.058098358057774635,0.058786790387973964,-0.0038861214357566653,-0.021622827672907036,-0.0928190579245191,-0.0391313798339698,0.01976612743909128,-0.056371839962046325,-0.013573459384375914,0.015367899879090444,0.062194516115778004
q06_11,-0.1626342658951605,0.05391179190633653,-0.1067889812845836,0.055811095460859925,-0.14632135609116498,-0.04307122615406368,0.21408550765852927,0.03231817542620773,-0.06870908978441359,-0.08390477058860478,0.30845331446211044,0.006570177044268924,0.16433502953151688,-0.019406574858983894,0.0013090864836620346,0.03148528246868089,-0.05438703635009391,-0.036392458775675186,0.05426266651420367,-0.123805153462071,-0.009620753445332818,0.12071721952272806,0.09064087840272829,0.12768399196554894,0.08561829706826378,-0.21936165732379398,-0.14858098081603838,-0.270706687581745,0.042215124307033704,0.17951214836712723,0.18557672018475543,-0.12834336463786025
q06_12,-0.3647754411600255,0.20699240387793255,0.09395380876614493,-0.14401081353254228,-0.04374744173761763,0.018088178184504755,0.0325809569315154,0.272970943086693,0.00680101037670156,0.20347430927065688,0.24193074783539725,-0.23810140719627892,-0.18334913752165286,0.1654375465719299,-0.1568163126833609,0.05365811074836815,0.10730394876691346,0.3475069071244157,0.1345585424873174,0.022824367549762758,0.14110116446476234,-0.165261083728596,0.20501851039653238,0.086026801497601,-0.11735523083011064,-0.00248265993064786,0.010297830968388022,-0.06372600232914533,-0.018531735361050128,0.049593765196188265,0.05271729999249995,0.02002750340872926
q06_13,-0.3542174907844897,0.200778452694196,0.03823480719123158,-0.09696869959081948,-0.05552663636966185,-0.02820468454284963,0.030592620348825064,0.22907770666799082,0.006332168393465463,0.2053470454868797,0.3002762148525827,-0.18845043777182582,-0.20376825453354358,0.1590402978170445,-0.1633454846085178,0.07593465770629772,0.09085157348280364,0.33081329775210805,0.15580091962539863,0.01366312376125065,0.16469200530056363,-0.13913667870711133,0.25766731260651443,0.04103384407930505,-0.10948604831621772,-0.011506921119916094,-0.0061729318065898,-0.08065668764696787,0.0390212707826182,0.05673387831646242,0.0896802861169194,0.04674217463690469
q06_14,-0.019742032115635206,0.13347426729025375,-0.13190576533923154,0.16099417695248963,0.302169587963596,-0.11046724080126825,-0.42450317338315224,0.23993448167699552,-0.027459278866026816,0.41631439574943035,-0.16182625231638822,0.07585452090558771,-0.004577839364062668,-0.20432532695056924,0.07599875719812563,0.033625190325579625,-0.106153247459142,0.04338686653574934,-0.10473032976705039,0.024996596408841606,-0.014326352700978784,0.10897100575486378,0.058992488487322324,0.062049834732405426,-0.05139419125758064,-0.10490053072124847,-0.02430107871997727,-0.059766127295602704,-0.01370116625530885,0.10929993783769743,0.018193230560676822,-0.015553590275254846
q06_15,-0.1434324764623983,0.13216765122854998,-0.12163942812216243,0.09153103444593222,0.19662272199933462,-0.0757930555922387,-0.3534428998733497,0.2993354369378121,-0.03614977237197563,0.36627397569861475,-0.07835533789126452,0.0151277788739484,0.032377085236524376,-0.1633469766264287,0.03148952332585055,0.08769457525766705,-0.12284419741654205,0.05361628117062469,-0.103313921194088,0.0029746198324588765,-0.0743298624972964,0.013726902078748049,0.014858916925740812,0.07516339537217327,-0.052948345745271616,-0.0664494456996917,-0.09733929781218521,-0.17090791140695666,0.00149730613010937,0.07508877988069616,0.06917602273442985,-0.03221624992755955
q06_16,-0.1974732349500076,-0.06296459306467422,0.14389602124107811,-0.2364477784574641,-0.16618143081465553,0.14962938739035134,0.4630636734737174,-0.11260480299689166,0.07375781707285274,-0.39098337599673066,0.23278620060765065,-0.1578050665781255,0.0037698792827678333,0.19933419866131513,-0.08107125143037548,-0.044266770248530096,0.08917970551838102,-0.11256942143695625,0.06512401677356754,0.009666763361387186,-0.00964777286461842,0.03865051658129613,-0.08198666103983071,-0.04063220269736322,0.019882718105065752,-0.02923260435606429,0.035492246344657544,-0.021012882374806464,0.018705869936494233,-0.035086635067323124,0.03591370705059189,0.05130197859668602
q06_17,-0.22197402619298287,-0.1016748005668729,0.16031728782630433,-0.1521595501046524,-0.15106568737853293,0.08142415588239715,0.3702770806602239,-0.039777128428671746,0.09231206181693001,-0.3485385332063175,0.2725843603869983,-0.12375562287300344,0.0453770482797942,0.20081974040858994,-0.10240372817433332,-0.03867409986467137,0.1311056303795776,-0.062409306646970364,0.11912504600831463,0.018476948087498318,0.0447423653210952,0.09862604082611981,-0.02012962751611743,0.05626745362724682,-0.018849786017688278,-0.09188344862547056,0.007368589951138373,-0.08415800589071437,0.011860104044552207,-0.060547802323800824,-0.03251921240438043,0.04460793934640357
q07_1,-0.4618926849742276,0.29683014274809394,-0.20882805030538232,0.0637253419353992,0.22515036511625405,0.11295294968484051,0.07699719072658014,0.017867079484927995,-0.11715333767034093,0.17581629504778015,-0.012205793994590526,-0.016399747562873195,0.10975306885578309,0.07929026955910796,-0.07471807899989275,0.12293669645333248,0.12421124862718257,-0.09264072390179828,0.0253551228464144,0.06689460014050072,0.011407694268835757,0.058949729479761015,-0.10596506889154546,-0.05430746201892663,0.06449700391576975,0.08953562352400009,-0.030223541578928276,-0.11047549821125288,0.08261212311987357,-0.07724686362987093,-0.14941450812120521,0.1269371824784027
q07_2,-0.5454027872246232,-0.19658385804546827,0.31262856350701784,-0.08179340535699826,0.2356531276389124,-0.041781952085689716,-0.022048319872857356,-0.09746526690581415,-0.031810896691147755,0.021733253514274624,-0.0553533102508605,0.006265364920389974,0.09693477659096807,0.12692015522229974,-0.13205262711015334,0.028911293999400872,-0.03242823792254776,-0.06002933152451824,0.010472730916022804,-0.024901882695361758,0.029926576314816506,-0.004608789181406275,0.03449774908184571,0.08353259699218164,-0.037822749366674194,0.06533208015203087,0.0020975772443718134,-0.06330868054198611,-0.0593819247311514,-0.01943282647634428,0.054479863195892125,-0.06128817823884811
q07_3,-0.5858814713280999,-0.047001011033692607,0.15778106751848217,-0.035551504456726425,0.21648556834934476,0.022533628710588022,0.1608683741860101,-0.05627761266704408,-0.09300185338357371,0.1509285276553307,-0.04967661059458728,0.03992030341250831,0.042727621115885205,0.12596751218885757,-0.09222567734369519,0.11304507026334995,-0.016463086592540335,-0.10683074667769797,-0.02214598848928408,0.014389710748171188,0.005994087728012916,-0.05198057511241571,0.0023355922699469143,-0.02880428549831872,-0.1006690938191688,0.06659295873975828,-0.04262436830149667,-0.14581024225281364,0.06145269543362836,-0.08065069713125751,-0.11716563104237603,-0.01572459682279986
q07_4,-0.4896769970250193,-0.3131651715674966,0.2230281526159201,-0.017732074967202017,0.3276847373783655,-0.1016798569234483,-0.006013180473219328,0.003562320701505012,0.01706461520425536,0.009566651389812558,0.06938507948597804,-0.037829726194499785,0.02053768044568149,0.05745811921381907,-0.03481115270171554,-0.02342734608764825,-0.04825865409107665,-0.09987847261375127,0.01642817502019858,-0.039027830033967016,0.00669313570401108,0.06885163174839862,0.02730517140686278,0.12170450976408757,-0.14830606976745908,0.1237553456430924,-0.123838199009039,-0.055608455670959844,-0.009835302972502074,-0.16029845761058845,0.00015950909036076402,-0.08117031385041829
q07_5,-0.5773720853683565,-0.2812830336054291,0.2917331064751878,-0.035873148603407026,0.2345436776291765,-0.03794102270727315,-0.027886337431070166,-0.01099264031343799,-0.013666951525177641,0.07088824802159549,0.026338369889557203,0.013164664806930506,0.03894428189418172,0.008836581346630575,-0.12041757339649184,0.002426452797615151,-0.06556889048666027,-0.05109535463183845,0.013951002651164978,0.017704652539509223,0.029789434028621428,0.06503995926258253,0.028577967451990774,0.12357579065238393,-0.1024666893009878,0.09709919381698709,-0.06280524933193302,-0.049228807938946954,-0.06582955051666965,-0.059658475803400404,-0.0027670872744661014,-0.08423007964547093
q07_6,-0.6160821072222551,-0.22496990995981497,-0.2753403139591266,0.07906241516962083,-0.02509227451344651,0.28850688340933983,-0.012217999518154646,0.04708103423392805,-0.1418853156368257,-0.03396310566560545,-0.038994334148270235,0.01995921808169464,0.0335082087016134,0.009195616982056865,-0.13835678883509864,0.07836543519819092,0.007383009069225131,-0.07891199616967626,-0.11941888038613242,0.03263876090694065,0.09932008250579927,0.030418219137859095,0.006329978960514173,0.031240519906625477,-0.12303917255504783,0.011732050091262235,-0.016591871300783344,0.009842132811404529,0.023560958235878265,0.030893514022500637,0.06548764760416978,-0.009098937303969044
q07_7,-0.5232544259884155,0.08981656097124933,0.4022011192178017,-0.2568636642705511,0.15493480511176966,-0.014667079754243443,0.08976621066150964,-0.017349398069273013,-0.035153642317720266,0.07314267621966708,-0.09148475701905519,-0.012493079978902151,0.05627021147917188,0.10762813843336665,0.06398703016479633,0.03824806717530437,-0.0011065403682981002,-0.03449932938437782,-0.044330799501594895,0.04683283791208418,0.055256989965239894,0.0023852122113262857,-0.03983640105024156,-0.046353519880374804,-0.08413182355524326,-0.1203435406182557,-0.07354121085282478,0.04711129907412884,-0.03681761897558864,0.027782142194349074,-0.012351800258176091,-0.09056850408380862
q07_8,-0.5854992619854013,-0.04261033740664495,0.31670910469881536,-0.06704666156574221,0.14153942023370553,-0.008321975392117953,0.1686246315013443,0.06815443814856936,-0.04507074130202323,0.16919845739678743,-0.1400850638351047,0.042491414690509065,0.06761882617724843,0.05803938764085322,-0.035876011840082905,0.04021738238970526,0.04633353877255596,-0.04047239456482977,0.024267103165057737,-0.08627283989483499,0.03329719099339743,-0.05760526538826373,-0.03506000626567254,-0.06768489092388819,-0.01702016190797746,-0.0695795880466577,0.026626560688155398,0.007437529078284743,0.05716491232733526,0.05328709891368387,0.06550289880237031,-0.048732385479899054
q07_9,-0.557810826496303,-0.09703047144721036,0.14365623612669465,-0.13370943585693099,0.22941688629376203,-0.04984144881009589,0.05031431432855048,-0.12473175034159761,0.023586142165733435,0.09420793607857487,0.08242052188677912,-0.20320085288469802,0.12653014090255663,-0.02323486017539286,0.05548964890106837,-0.06848210487654863,-0.17436356412140763,-0.08806175348617971,-0.0572552192509117,-0.031414894169884536,0.049764921918149144,0.04816560813078775,-0.04500953786767693,0.07123831149242098,-0.11911500926017779,0.07562658010479582,-0.022017977021531222,-0.07768807788476698,-0.06518364706397554,-0.04615294178658093,0.037228587485632944,-0.10571499820772609
q07_10,-0.19426926720739274,0.456969339251985,-0.33131549991216525,0.025891701432235525,0.1900821703956193,0.13776814109107327,-0.04134666945878123,0.1479814788564578,0.05834389203457161,0.1679207332167312,0.1290934848728511,-0.2260048785755632,0.16822723510384793,0.05974544122402696,-0.10476819353050071,0.029217831646759215,-0.02178389201659277,-0.04323060827398461,0.07113942167529938,-0.0293622887476316,0.01892305259850558,0.2470766850994887,-0.01328860017732131,-0.11138067536770918,0.13723460928930223,-0.057146974574071294,0.0005298886127038453,0.08452146570948928,-0.017152676213460567,-0.15436133372023675,-0.025452979229644252,0.059162144727087806
q07_11,-0.28971005678713785,0.29263477897458545,0.015561656355444549,0.007084558580606067,0.1687074210250915,-0.06114739447201874,0.13079277683427037,0.021128278712305396,-0.18611798492937556,0.13039188146267253,-0.04929562514250513,0.17710759575670962,0.05766334195183371,0.10526402859123131,-0.25528909660710014,0.07126885373068122,0.12802622843803002,-0.11444043272302064,-0.048204350363379514,-0.09991290284770252,-0.10713937131359541,0.1174769282492189,-0.0008534077103472615,-0.15746436588633547,0.17059514888818827,0.0113818071180814,0.12767360146973258,0.09137154740808977,-0.013327500499239003,0.11342386720499825,0.03919055183192939,-0.11182765292711924
q07_12,-0.45591388564497526,0.03207849136866098,0.09192129291342031,0.046778852065939305,0.12602182653088723,-0.054479334116074744,0.1760813404986588,-0.08464492125391414,-0.2044002287189641,0.13340035909451958,-0.13843433332086968,0.24402587435306822,-0.009495723256901597,0.16190563718360756,-0.1386250137107853,0.21415024858289347,0.0970295132034856,-0.12368146242735435,-0.006921103843035852,-0.02369478869004111,-0.07807762245597355,-0.01596417273624961,-0.024786578817273686,-0.04239415195098155,0.09247195548017806,0.12201634032007791,-0.02191257735051738,-0.1194615468092875,0.0157825543286125,0.189578443088118,0.08138413211617569,-0.058157617158970366
q07_13,-0.6039966482066063,0.179195448018442,0.2707070417127261,-0.23376048186714218,0.10447816057100742,0.06548450540930721,0.03597417025063589,-0.13881073247006892,-0.02618359235966417,0.04796949221614885,-0.11012976438688218,-0.0692812970764857,0.13687373562602737,-0.07523161273778996,0.031593528871602994,0.0341179506987202,-0.06649168625182222,0.003441246324306077,-0.02307015425709682,0.11444753585386366,0.07268921440733393,0.06945573252711253,-0.011134369095489469,-0.06789385069218368,-0.04724289528692603,-0.06439795181775351,-0.028047319800324218,-0.0027767693308443624,-0.11919195556828353,-0.016525374034912277,0.026004066967379322,0.015217340886871003
q07_14,-0.6061253972846125,0.09352044166342134,0.1948290794491097,-0.11686826603139898,0.09554923933456629,0.05167434502411167,0.20055702747840895,-0.11294107054309638,-0.1303011118829784,0.15173842434428886,-0.14507799799314014,0.12413343191929127,0.07475025184161742,0.057440182393817055,-0.13678849026326118,0.13953156640936146,0.04394070848541828,-0.09393964645639122,-0.003700090997991504,0.060271844573223696,0.004394318105956135,-0.022067249733448282,-0.030157699740728124,-0.040523764678579335,-0.03332104072016701,-0.035575173493678156,-0.03889974604231224,0.010852546495197785,-0.07706369433796242,0.06340784205864157,0.049211969990401984,0.024040359808957818
q07_15,-0.5176198450634123,0.012119194457397871,0.2547114598385115,-0.09156997033912165,0.18017236186238175,-0.012031068294047317,0.20729005265540082,-0.07945636062956321,-0.1258830847449006,0.12747172126544465,-0.16491271308184266,0.1489288591253132,0.06582441177890361,0.10729420350673412,-0.16924647728742354,0.15324990675247283,0.05285900173885723,-0.08217793355298397,0.003947225642449177,-0.03190305131333338,-0.04039747820668671,-0.005958039084480056,0.005560110237261104,-0.11803210280309445,0.027710919419362504,0.043859200355162414,-0.039501721987020885,0.026328750168707317,-0.03604794997345025,0.06622790235866666,0.1168589084561797,0.028497503789705843
q07_16,-0.3993019719571289,-0.1695942411465651,0.24652920578035586,-0.20707695686116073,0.06518303651750015,-0.04837369338866422,0.16722115848937522,0.0009650979588492221,-0.02629593940484674,0.04983454248604392,0.10576863782693295,-0.11997014263544442,0.12091036372150707,-0.13575064750366533,0.041491343003600474,-0.07127536519651922,-0.20882897183360732,-0.12137054543423509,0.007002733110151881,0.05122409187816602,-0.07066151002408756,-0.02033696600080143,-0.058780555781348574,-0.06760893323688794,-0.18704290189470835,-0.052447857754055145,-0.27021852670966034,0.11131973198642699,0.021761622652410918,0.2316798188383582,-0.04415645328580044,-0.029055099416291745
q07_17,-0.2426886631339115,0.45050480103157103,-0.3073785129034061,0.04814207416359149,0.20991167405495229,0.062099962363898226,-0.05658174456501868,0.10252717786504192,0.01874996824225194,0.15826692020646344,0.14167500114445652,-0.2885662711515052,0.16374228473508165,0.034021080752039724,-0.07957468258940012,0.06173154995019426,0.0082581081672584,-0.02947910359056765,0.03668031630052746,-0.02080510834626871,-0.012308305244764282,0.18827893935894816,0.02489165822302526,-0.11000571475640272,0.11859830326495717,0.010505173340744004,0.0036029550526614587,0.10000908063376517,0.005847916680309414,-0.10996137182507515,-0.04517171483335146,0.048083009628486335
q07_18,-0.4114985691586944,0.3049330106648409,-0.029570087930491835,-0.14257740760593193,0.08655018524546047,0.17692419459804548,0.19943678978896073,-0.0393084515944384,-0.02024080484959501,0.11951204623470892,0.07270936588632018,-0.17499583852563794,0.13238170562489193,-0.09827249839482495,0.13459158036970217,-0.0017052928939754438,-0.13668255468997653,-0.16789564533117218,0.044413910346783,-0.014201751994358565,0.005347151106399654,0.026398767602208238,0.04502385558584946,-0.10074766356851048,-0.12208566537044827,-0.0052145544166720586,-0.11020708426576985,0.049753439468984285,-0.025134515242720118,0.08416066560671186,-0.07633854485191459,0.1491615253384217
q07_19,-0.2482802104595677,0.4557542232314714,-0.2813688077586831,0.002673555678525002,0.194339522523952,0.04403907634940745,-0.025274067722310226,0.08289622072441756,-0.005708822568284934,0.2155463382801423,0.11607171012136572,-0.2108194311680803,0.14830051588723023,0.023622465469839028,-0.12213878304319355,0.035801835120531124,0.01082013188905585,-0.025130513233232055,0.06526262287877069,0.007402782888538493,-0.06621647863666939,0.161125794299997,0.02811571165367485,-0.09432379200475256,0.137975791318053,0.012478626364558513,0.0644626632092448,0.09384498642718052,-0.022751845375611413,-0.14378181598851317,-0.07342061548331472,0.021055358220032985
q08_1,-0.24293901931867046,0.2419219169342497,0.06871590967361804,0.07226368910759674,0.13964126947349026,-0.13164186123779648,0.10599772305182822,0.18507687879197526,-0.3541995016757403,-0.1479314367048293,0.0037528931661183484,0.0076006460442055645,-0.09061184183830477,-0.2956205933432867,0.07314411499300501,-0.09628300718742358,-0.0750266870381408,-0.03706918900080457,0.11233729182025767,-0.08691509050137065,0.04066084278425855,-0.10586211865808207,-0.11288575122227702,-0.027980568080181047,-0.11991033828154102,-0.03439879799101848,0.269433211064265,-0.018338630270227654,-0.09344690222794323,-0.029783956864906785,0.19934031893468962,0.16411797924728436
q08_2,-0.23959759887682502,0.4139967488543375,-0.04891887421122925,-0.1177585925069732,0.06457669261114354,-0.2646480727084252,-0.02174311888229817,0.039285214200258635,-0.41230896042665655,-0.2355060909804051,0.0702042474361109,0.12313934944694584,-0.08663778998408304,-0.050637954168313126,-0.03243112566646499,0.0090078265157191,-0.1135909652580712,0.03739100413931912,-0.13291557339633822,0.06772465112736395,0.04513063137027267,0.029185941995664863,0.004761304917946466,0.09884318779606978,0.10826618774097393,0.10494741427722298,-0.12216557488647904,0.07372077120361947,0.03133345885135174,0.028711616595577225,-0.16572977905320463,-0.08721631326306484
q08_3,-0.22020679596401949,0.39391700634932897,-0.13524487048394634,-0.06646880433789933,0.08203879920085495,-0.22846056338749646,-0.0044541357965654305,0.023276145951121794,-0.38955100551656996,-0.2727163631626273,0.08277771713330168,0.06960849067333981,-0.05097731021116801,-0.019238959724357227,-0.0036217050488321074,-0.05689243542434303,-0.12268814903958225,0.08296215028138747,-0.11268542496281139,0.09069526454280386,0.036967358957914455,0.08303164362027421,-0.008021197711563916,0.13553416908849938,0.08916992203814432,0.14215006531772753,-0.13470448034342297,0.08619946170029999,0.01128392792403293,0.025218387323171335,-0.18069488977969245,-0.10819203415440726
q08_4,-0.258432714064865,0.10484350132667075,-0.08057968274783239,0.2068027809104802,0.26618540275993163,-0.18596804508115564,0.1887338325813413,0.1594500363225881,-0.224586562510796,-0.10046036106155984,-0.011890513818394049,0.050054688833003354,-0.04893558681733544,-0.06757001080943599,0.1454378583779526,0.019377296048963898,0.0908174544954154,0.029529820993340197,0.06204560274033112,0.043552630835808515,0.06060767398552239,0.08209308684074873,-0.07549244712451478,-0.04071095079820488,-0.047478684546668815,0.03399130647445908,-0.0888355448994234,-0.14578835795405592,0.10438933474882575,-0.06158577172753879,-0.012211042100536305,-0.02611734263060133
q08_5,-0.19971941860849904,0.5069949568045236,-0.08589551444340947,-0.043094942340335916,0.03344123096912611,-0.22259753959941822,0.001345087806116215,0.011585038485222831,-0.4241915460237646,-0.1968345690442503,0.06007776451162664,0.05488810712042682,-0.08391844781067177,-0.03780283189313739,-0.06202687163836082,-0.06780264065989962,-0.08244283912973487,0.04292120364861812,-0.024042093444407112,0.10888151223894861,0.011380050038410769,0.09095675211986512,0.006553471954391068,0.021982422568947408,0.07646400978438321,-0.012734182241938317,-0.03655386282310884,0.06713674596525943,-0.06350173759112722,0.014838147449407929,-0.049641615474598846,0.04611876074865713
q08_6,-0.21215742647080837,0.16404500905316488,0.07574093481996706,0.19862009469374897,0.25062901818276717,-0.10039985523564866,0.22998750930907444,0.24268824826329874,-0.22445800244507014,-0.0929746412239453,-0.030926288291594443,-0.04850291585639894,-0.09562585385694648,-0.24769173599051475,0.12245487724231029,-0.016280269778124364,-0.06472215060286503,0.033000789664190414,0.20658255836206585,-0.07474144829051355,-0.04003202795446284,-0.03324660898959135,-0.05223915039999035,-0.11316344713351977,-0.11911357732796697,-0.019211476327296553,0.18363504459436886,-0.06579785449017575,-0.1455909460330353,-0.14667871211960284,0.17516689197025528,0.11081335591048787
q08_7,-0.34172942854204863,0.3175161477698407,0.03782389148283167,-0.009357205812078488,0.0312823758759642,-0.196897695924673,0.1213671273760688,0.07846839493743618,-0.3936832456620321,-0.2119933773333031,0.07547207419810847,0.05168012998820799,-0.06062154844478561,-0.1186366040014171,-0.019199267261703897,-0.10320407054805146,-0.07772923165050605,0.06533273498494334,0.009413637964998195,-0.031978044931721364,0.04456323232732029,-0.09976988171176433,-0.00633409046261801,0.030203509131835442,-0.018344593873020332,0.018184793334367955,0.07876989704544066,0.06251778065742776,-0.04245070519042788,-0.04457245093392497,0.03838863008516908,-0.02391344604585242
q08_8,-0.3298079293648628,0.28448433617781954,0.22225043530233995,-0.11999844618255591,0.0948085673362342,-0.12751290669160942,0.10751750577671274,0.21937487389828333,-0.29090759417114354,-0.19751879885946402,0.0012694812429391194,0.048125984676766084,-0.14363506323158864,-0.039937224196957714,-0.005498693642383273,-0.056372973458679976,-0.021452642599749425,0.02722653845674238,-0.06270833791645355,0.013743109935134303,0.02904497895191875,-0.050728107953693306,0.015079178859144327,0.05547742431319273,0.007358630506004115,-0.05132392364695021,0.003847277352641432,0.06881551935684406,0.09179555250809206,-0.004406518037551428,0.0052073081762151145,0.07675315446747247
q16_1,-0.31633990705015685,-0.13030321475572199,-0.10393302187050954,0.1821736888570316,-0.0268807305618484,0.020687918880788275,0.05400021916910924,0.20594336566639312,0.055653742531656926,-0.2132741812230122,0.14685120027526394,0.09571720141078338,0.29035039696724274,0.03765936532000161,-0.02942592751261822,0.16733737992849745,-0.19486237355535532,0.051925213082304904,-0.12284418712689037,-0.1950223359495459,0.0011912341404414788,0.03349051350550582,0.004238476632009762,0.047039619422892844,-0.017923460577863155,-0.1091458156211806,0.11469892099008389,-0.08168376303784476,-0.005821967510826309,-0.0700125921123677,-0.13938654379927426,0.14148995418568175
q16_2,-0.17854941509190936,-0.002848262013364219,0.08777123676507798,-0.03403008713769827,0.0074459163003628755,0.016349837548217203,0.11238395009739763,0.3086374930440578,0.1711797804382156,-0.045841754431864286,0.07834842795816857,0.02900500189974379,0.1564060431832279,0.008818733665152614,-0.06883066664688156,0.2056133981985416,-0.2051665508084347,0.06517958117815958,-0.0462794309144105,-0.11191479016679898,-0.1946999124794098,-0.11497081099001041,-0.0817899394762845,0.15951082595856272,0.0415955538068341,0.07562342701344024,0.12622531981624913,-0.02855120562437453,-0.002939508028735917,0.12935631803145523,-0.06344204081750278,0.23798910853742325
q16_3,-0.12011285401148127,0.2569386753985196,0.09431024917296904,-0.33554454941563433,0.024835819566072115,-0.03799846463132942,-0.2662125221258819,-0.050711120527632554,0.12067024876958155,-0.06542686969476721,0.008283903044535676,0.16691390380303817,-0.1820554914357267,0.12489596332898385,0.10354366381099467,0.20293563273230672,0.15354848116808054,-0.020756639365707246,0.07807585329129378,0.07497640483273708,-0.07245174390465423,0.044272936248521494,-0.009987777630029202,0.04030262071662803,-0.026426320046777942,0.11284502701847415,-0.10505882644697745,0.2813461338935826,-0.01823504227487016,-0.0027823377211918677,0.1004885917193227,0.05704890365420226
q16_4,-0.44168732810364475,-0.06225144966599579,0.27601193363316706,-0.241873997213515,-0.0035017926552788486,0.009914410133653314,-0.20771582745811754,0.17714331204076642,0.1278094903473001,-0.15300272979569843,-0.026124019949733263,0.089164493216871,0.05457972762214241,-0.07404404164764253,0.02037569419719079,0.15524408014317792,-0.006040242272414385,0.08269866130731694,0.031874423413861146,0.006096446175722466,-0.11448380856409897,0.020830422569221407,-0.015467482408981614,0.0004120857377932361,-0.05514386770668589,0.030469858998075187,-0.032262676674963124,0.02194431354277389,0.11388342030820355,0.014120473540910923,-0.0019108695303126989,0.016067864428098506
q16_5,0.20509015447648543,-0.24861935990228726,-0.009939750387234655,0.2552110848731272,0.030609801054622885,-0.21336647078547413,0.1304418447205268,-0.04031541914612186,-0.005394319733060649,0.21992396890676955,0.07378905862779879,0.034824679486762176,-0.18856678504245528,0.0009769689879800957,-0.2142066488055323,-0.15724390222015003,0.04320464665050292,-0.26597419654546567,-0.02492454774279366,0.03201487244347439,-0.09080388532171108,0.0671161817316806,0.07808133931572642,0.1911132988400829,-0.06717371553933386,-0.20153392559982014,0.07318995616022707,0.11876209417554776,-0.130530145666302,0.08115362932211495,-0.1734909909654928,0.0943525769126381
q16_6,-0.47354762856903054,0.22965768831961866,0.1389844733392097,-0.3422354870324314,-0.03613751217849427,0.10360576401430277,-0.19952452318056543,0.05085548098723998,0.13666196483577148,-0.23614920117683863,0.007491249156195803,0.08171405227196557,0.14811195112241543,-0.015199706339869917,0.19618593619669036,0.19435925209212557,-0.07557337018340785,0.1741477450298453,0.010972669950283453,-0.07530386529949012,-0.039774573530145824,0.0023418159758971015,-0.0601551983589407,-0.08857106568512726,0.01573476054549313,0.1111461959407009,-0.0790652855849622,-0.03808113047706699,0.08219001172352813,-0.07245927165905676,0.1093189370705744,-0.019120829780887926
q16_7,-0.367207048872316,0.1330201880296278,0.13789068589422204,-0.3092911358055502,0.054811350461707486,0.05659342083346344,-0.10357164604651396,0.09211680111455485,0.21813010805866107,-0.25842768235359187,0.0411883893731663,0.029925905549928383,0.13372746873833194,-0.09168461217471104,0.21504846468550187,0.22802170249861978,-0.09228924221460007,0.17844630733636582,0.03022140329496152,-0.09218145156892969,-0.01745668310843677,0.05237761020330243,-0.09187642740361723,-0.12893636000919914,0.017791525627456384,0.14364380843505475,-0.04332218811697561,-0.04353871151204988,0.13568934224862797,0.02564581134363721,0.043406241553017366,-0.12761592610344713
q16_8,-0.2423686973961424,0.09195202618849875,-0.05906516533342639,-0.06523599184512426,0.0930893792947305,-0.053148130659187616,-0.13967687355229877,0.021793158382101063,0.1834539392317453,-0.05814738771056681,0.12375268411260903,0.2066583756106368,-0.05548330124424059,0.14370942939638323,-0.006766563499817273,0.24224141510166042,0.03168621262053587,-0.07956582738279241,-0.03987921167666012,-0.04719110413580996,-0.15938934081504164,0.011881541916612282,0.025296211464792957,0.26229969890873267,-0.07583906022820498,0.016668088907463324,-0.05067951671592869,0.3200040518170068,-0.1385132515783179,-0.10956089990815403,0.21439020539776918,0.19489997353693592
q16_9,-0.2423793613588281,-0.033507811011671475,0.06832944536742906,0.09182681280472922,-0.027204620486625242,-0.07242988272799973,0.008066638432544428,0.14093344495932403,0.049046105633289996,0.06660788547812077,0.049963777423008005,0.07707734428235513,-0.14858592501258072,0.10205511036289967,0.030074077854040187,0.2578250325458884,-0.07171464009970824,0.13085735817571165,0.13767013123563673,-0.14982541162719604,-0.09644035873172255,-0.006512392408885825,-0.00019300305273482968,0.2326657557500287,-0.11361526779508141,-0.08415396079007834,0.10972979527578719,0.06271121005479782,-0.12755887983684497,0.006558044434063914,-0.20024386413833295,-0.06474332546006194
q20_1,-0.17185583773672738,0.34894025313389304,-0.024044786576620125,-0.23019292124533572,0.012083563600612234,-0.03801917858017799,-0.34295535795232557,-0.13766937002720406,0.07444250079605143,-0.026523281471830265,0.13732467950231547,0.03759507015697492,-0.21432042979883154,-0.04304059532051818,-0.08167184105224902,-0.09333247129285956,0.11288783485771613,-0.2142720441918951,0.0965431432891222,-0.05990024398775955,0.17348863917481827,0.09663328973490207,-0.09498866851352086,0.05721494288597002,-0.047067701519554014,0.07614350056749626,0.013436723748479871,-0.04051577156709591,0.05788594819421951,0.1333718613434267,-0.021854157995248206,0.09820207307206681
q20_2,-0.27798062801172235,0.09387495918158982,-0.012520082378258114,0.0008132459445800772,-0.02202691602878159,0.04574820070369878,0.03077805382967953,0.17982549212755466,0.12243368371476347,-0.14651884697113038,-0.0460550668371707,0.18849049738433007,0.04658180004207469,0.00937783971230529,0.04086870394964215,0.2571653885771893,-0.04342028044635823,-0.10055805327567531,0.021473185340613068,-0.2763039778578194,-0.017563191800578942,-0.06361874849032363,-0.061643285171283646,0.04543474430519052,0.006129535929422615,-0.2646228244048453,0.03704319955884627,0.07263670595112295,-0.06167065284710349,-0.03152583294099253,-0.2581698496553358,-0.12226906082588847
q20_3,-0.34720264511872534,0.35947552236919356,-0.08685866098837394,-0.1936852225550716,0.08223815858990235,-0.03135649773931524,-0.2916795599148583,-0.08356109659679958,0.14499129164260136,-0.09051178386407913,0.028591225622785082,0.0624232929369895,-0.2030360136892545,-0.07520484628936247,-0.03998063228137505,-0.07653884386813198,0.01342669181540948,-0.23320036786404696,0.13580654638915815,-0.2106496782344847,0.1932925841152641,-0.029995834626676304,-0.14007770235169703,-0.04705266798204861,-0.01946201458667142,-0.028388935290190122,0.02357783412038595,-0.07154371268058096,0.038418228549898924,0.07888356250138752,0.051411351602927396,-0.0023877470167191555
q20_4,-0.1767459516620848,0.32473043252808004,-0.13477654086801114,-0.04938838879438401,0.009597118146219776,0.08260597644766263,-0.03498112565048845,-0.0527059646510085,0.13923983330883252,-0.08941906747221129,-0.0025662631589391353,0.05644529384665917,-0.10191387503513036,-0.06553091288479994,-0.07124562224129205,0.0494393548266612,-0.13182130452892796,-0.16980278742003577,0.05157971187445069,-0.29925955740457205,0.07121100667378852,-0.08164261596087558,0.05545896296996644,-0.1641895637921269,0.011039057808224333,-0.09052007986171981,-0.03214824092546072,-0.004674661874901428,-0.19209162629658214,-0.10155865789639071,-0.17354328249949497,-0.056843223583498206
q20_5,-0.3033737848784795,0.32384497548668645,-0.11423981568849333,-0.2443343621148782,0.057469742055858294,-0.011696916349995016,-0.2989884995967253,-0.11097745964147746,0.1701118548369189,-0.05100372148113832,0.089449585973984,0.10085172411969756,-0.24458445945038282,-0.0625976930092787,-0.059596123574678896,-0.07914537291687698,0.0537687573966515,-0.21828921290455178,0.1360800451398018,-0.1335665059996147,0.23985807658828737,-0.0012168183727093692,-0.09942377381171452,-0.01812471984058529,-0.08569874564630246,0.0313255218379702,0.009053270652178664,-0.07947029555577349,0.060513513823006154,0.08696934222518192,0.021925270170918082,0.05524180583657722
q20_6,-0.4320154561613109,0.09694010242965391,-0.03228103821053532,-0.06418373789386739,-0.01872190544477754,0.12945398409881773,-0.12304037533820585,0.11357067494048499,0.1380546680400528,-0.03593011919946579,-0.019767209121578606,0.15598879335004717,-0.10900566777338602,-0.07253278114384659,-0.09846763202526095,0.0479560938363526,0.029400459057916044,-0.1769241493743045,0.21243392233538105,-0.1593518664068285,0.1794443356480783,-0.04825477699098546,-0.06993306562870336,-0.04548547552052673,-0.09574237321254851,-0.05323522593098098,0.055347702766690446,-0.03554123288147997,0.04061566238240822,-0.05794978713097075,-0.06373576622938844,-0.19366931206119992
q26_1,-0.5824183727232232,-0.3160876397984252,0.23037096918579358,-0.07891137975829843,0.1868942646029165,-0.05936493681101158,-0.06182904491193294,-0.18130758018812407,0.043157135805816475,0.005175291205459692,-0.019491243693958184,0.08242842665803563,-0.009246454076688627,0.022794795485703154,-0.028899960506778094,-0.10590654624915548,-0.07328901170569253,0.08894826038104252,0.04032540961865492,-0.03539951042202384,0.0633029862735465,0.057964498062689135,0.10522087911319476,0.08487789588041343,0.07216342898218465,0.0007295165387764838,0.1160367932609864,-0.02916344061527194,-0.0022609845846012088,-0.07805677670246307,-0.008985827656239644,0.07762046566559662
q26_2,-0.657604386478122,-0.1065627789302397,0.019804398227302268,-0.02645055669335101,0.12225820865636627,0.09714848738900957,0.10905949483711747,-0.16955314043471253,-0.045221674715331416,0.13022344400607486,-0.013863974028594496,0.11995745035099678,-0.1303318059191259,0.003439558673556302,0.023012508261634892,-0.08463090333923842,-0.032132242430128376,0.08404960247871798,0.0565462588619312,-0.04259281594429882,0.03506386904928107,-0.05168421944523647,0.022260124469742158,0.0014566777944468767,0.10315062019926159,-0.04382002731414487,0.04279592265297277,0.006930378303393619,0.070618268008522,-0.035504620349433406,-0.027979158067879057,0.013520508493336775
q26_3,-0.5414471796082704,-0.3991562773539844,0.09800589589253819,-0.002432056981348401,0.2885872354163123,-0.0801653974117826,-0.03170717595420215,-0.0906638769794891,0.05016294214295697,0.031625001050244045,0.13175777138122827,0.04715093480318725,-0.07439416253821021,0.06986268898099665,0.05126275329547153,-0.11063871456839565,-0.0977182513878921,0.0204960077565603,0.03308925087566476,-0.07519469977705041,-0.01711402028465502,0.060139038387315484,0.09135582125931677,0.13024917121933144,-0.018718962659584042,0.033077192456682246,-0.021023940924428434,0.046345118250698834,0.044851206081610806,-0.16555346035988253,-0.025845239987170372,0.005186850165952382
q26_4,-0.5814138190862667,-0.36948355639989006,0.20276618337451696,0.016660706069423343,0.19097885244672913,-0.04708108882462047,-0.07102400822129096,-0.103374440311501,0.04242625300442287,0.07502146765958995,0.13488081745371083,0.05764189725232075,-0.059446491881307593,-0.018565574625983614,-0.011217488104281852,-0.12181393658129701,-0.10671581545429601,0.04672426377619387,0.05823733333910875,-0.0331170498837303,0.023569897530645843,0.0767984088885925,0.08588569877988711,0.11344011540013448,0.02557428770187135,0.040809104725866796,0.07179391190439754,0.04812152412041038,0.013432712394883395,-0.15286480955243428,-0.01572785451308106,-0.03266297781302112
q26_5,-0.4250546196036743,0.1993876092869609,-0.4240502835901776,0.020170819422875567,0.10094133816905429,0.26531815782015133,0.16737314298297215,0.04633952590762148,0.07879251943070362,0.055006592198032646,0.09352057227924362,0.1405724090587279,-0.08109670337422498,-0.005123981125949474,0.1096063010686714,-0.05170757313096533,0.031915384709142555,0.07327803763688406,-0.05313784254469753,0.11120982353085469,-0.0537380803676693,0.024749603651000242,-0.20258535323817445,0.16420888233965872,-0.04951252719807804,-0.05986137934704805,-0.0037787854680846056,0.028671092656292117,0.06665349469614315,0.0016424511123303862,-0.04432579263704398,-0.04532633175760004
q26_6,-0.6070799951858147,-0.13460813110548378,0.2160501855666538,-0.06828356105570113,0.09422634186475329,0.013434532078322722,0.1535560059293187,0.02633892139906273,0.004864086600071017,0.11092611726393932,-0.08397779029284705,0.1307324757803125,-0.02345099284807865,0.01801969542764419,0.03377762600414727,-0.031094838809497437,-0.0018142929150899742,0.10150563860545554,0.020322118811647964,-0.11972274659240155,0.058293666120253135,-0.05247857776814409,0.06950609588662363,-0.03537270893393281,0.07555036422889022,-0.09079876432805926,0.15536211552091422,0.07701774104510899,0.14136794842027095,0.037664131088104603,0.01986670640289798,0.04911434035288077
q26_7,-0.6340010041391375,-0.2486846379962323,0.006011130306132113,-0.05869863145793023,0.16292127411067361,0.001363169423465411,-0.02355105911601589,-0.2527930611255802,0.06622711808392334,0.10274754342561433,0.11616914362295237,-0.06713035979270951,-0.028399333070793214,-0.0498969242148624,0.06283291298361486,-0.16496158200661654,-0.16379005844933617,0.038472981604422384,-0.021867486976327986,-0.0680805091547288,0.03504773846568348,0.0233091980086081,-0.004408343989706315,0.0758850904360879,0.0006615831475113156,0.034196996512627975,0.05797961536977106,0.02405319031239387,0.06075249173853946,-0.060809262717217365,0.005651350543201617,0.002602077563184495
q26_8,-0.4971055357549441,0.09626370402577757,-0.42196062669206696,0.04573900499988177,0.05758867081006008,0.24534803310127345,0.08341538352581657,-0.1489741724880459,0.024715603506320797,0.09057120716938759,0.14036793368509834,0.14379005337225176,-0.11874951521729617,-0.014494653179934439,0.0897300915076922,-0.0881229250271328,0.05709488119068919,0.11144042217306203,0.0013043455525031731,0.04718993647921352,-0.06661749146019659,0.038851923759068624,-0.10605219853036317,0.13811098255911908,0.02485466972245785,-0.05219663415610502,0.047024386329934,-0.023271859601062022,0.04787275358458543,-0.020193143625876528,0.015807546502136754,-0.06505375332829699
q26_9,-0.5338203697891885,0.14217935479633767,-0.39681503713726,0.011028996524682642,0.04075354038467734,0.24107008867022392,0.10094472468911615,-0.1715865938553736,0.0038959187017640977,0.11847339138851315,0.07150304868077506,0.1392568432765063,-0.09748065593383375,-0.006061277512424387,0.12233323159525761,-0.004278939608818571,0.043617568821848716,0.09378047514552325,-0.0057858933955299225,0.044699972277418815,-0.07431164272434389,-0.0171433222902632,-0.11613840787655243,0.08953838757150225,0.09502129543002878,0.042357663020767516,0.0838261379669607,-0.02697544434500208,0.08744142838944342,-0.042243464372177526,-0.0377710544148237,0.0006554373641154008
q26_10,-0.5976912810406799,0.02777779917009148,-0.06974021821532488,0.005365224969572786,0.023851955489026085,0.14837475664850233,0.12627361590554637,-0.16882224166648416,-0.022500739607606055,0.15825567049497197,-0.024720825022649887,0.20597858994740048,-0.06544919195403406,0.010490593315904241,0.0603901016579481,-0.027224876783881673,0.0586557760625202,0.1406806409228897,0.025114197337019736,-0.045936451407572285,-0.0062928840175048295,-0.05601746193664605,-0.061747733981941125,0.00017776032557426677,0.1628894178081605,-0.07059488929646347,0.0980364848723277,0.126362618476097,0.07547800198593076,0.02028693897830152,0.023196791312630742,0.044433152637073495
q26_11,-0.6749478689453621,-0.13509297020123145,-0.010161242858212174,-0.07193224741031223,0.03357566872736015,0.09366169208964578,0.04644237179398509,-0.25993552490580024,0.0162132302345651,0.15960198384259044,-0.008615165939163368,0.056004981783382174,0.033592277004248806,-0.07058656553504365,0.08421481824237395,-0.06784362390141996,-0.0950465367795488,0.14354782748298023,0.04714061800221769,-0.07888379720013777,0.06102526887039375,0.027387865510970704,0.05453092652762548,-0.007609005404538134,0.05797576850797066,-0.006612137096138644,0.06758665533804063,0.07716508389674591,-0.01489664993060784,-0.04004015505485899,0.032015201238447734,0.062057703075547685
q26_12,-0.5122007631088146,-0.23163155187876827,0.051557546742648695,-0.16551918447434946,0.016028659688153615,0.032560740526982365,0.154542748270777,-0.0639824896272193,0.06967109050519901,0.10709481578545268,0.16025084823780023,-0.039409757767004554,0.0116424208411214,-0.1523339077363986,0.10453911010639545,-0.13572955393243505,-0.2100433142928812,-0.002794059608011014,-0.008244480100181847,-0.023755112303263885,-0.0811367203116389,-0.046337017039883,-0.03957032679812704,-0.004999990120897457,-0.023694869924772877,-0.0625652261553951,-0.15182284554249495,0.19037535180512574,0.1394613341261465,0.21465956309797776,-0.08693084150679824,0.041137012104219585
q26_13,-0.5613357427644271,0.08166652447448121,-0.22059614084118553,-0.08463691409552691,-0.002968339998381965,0.2547409678330402,0.1787566178416196,-0.18399712431143753,0.0525205625565824,0.10052754781926106,0.07692486513393683,0.023570472889942937,-0.038787472739970554,-0.11782854641927241,0.1979469430474036,-0.05261158498507058,-0.13899191798593857,0.06825759899384114,0.04990355827616528,0.009998539761926837,-0.0414172313694638,-0.08650621777242155,-0.017853570061851568,0.021399378870478093,0.017154627535020176,-0.019425618630063885,-0.028662136201187547,0.13030666588531875,0.07860778757152238,0.10545021843983413,-0.08550025575033622,0.12379079772923979
q31_1,-0.534460062299235,-0.004087412298096806,-0.2655619885134909,-0.05356785191117983,-0.08024967237960415,0.33223335043911295,-0.01770295699681006,-0.08115865438809465,-0.03204599499669474,-0.05545213670996862,0.09391716944755266,0.04637788141229879,-0.0478226713064899,-0.06105022233121666,0.013187509286024938,-0.01915721013372684,0.013935657800924739,0.021509200833025523,-0.05353885678476892,0.08619552447060563,-0.08223682934052123,-0.017514980817322574,-0.047148672179777425,-0.02566515704403859,-0.004418811116470801,0.06622772473455549,-0.05554265117319804,-0.2109038737211149,-0.08977585127670724,0.0027762128787587248,0.012825902021367706,-0.07945430614363344
q31_2,-0.5024708228600349,-0.18753431780295232,-0.16449818735879543,-0.1139917406740482,-0.19296540373805632,0.02462568302556297,0.036668218689895254,0.05446222799359899,0.02148802296492929,-0.026938712879976796,-0.08493027018162987,-0.035808673378809344,-0.042292852860370475,-0.19328330894349274,-0.04789955051117233,0.04259229650511295,0.0433791195927237,-0.007191105315192496,0.08162820963030182,0.03440935601185851,0.003266013908131218,-0.059400713706035835,0.130456573203271,-0.09668547718168707,0.02452322876579222,0.0698815435517625,-0.011341746972654452,0.08964649517250302,-0.042239083582152274,0.21748057992243938,-0.07690392067754138,0.0745035371589001
q31_3,0.17075656098366632,0.206307116174787,0.07540238212074521,-0.05712415605405576,0.22491587996028775,-0.385649136603648,0.1882836529254466,0.03483965896427,0.33104229530285495,-0.014862879682361878,0.06951625683482379,0.08467055882878394,0.0693001626084509,-0.14087559855230933,0.010342216609986687,-0.05564763379040531,0.07970241577794294,-0.011956919449889398,-0.09950085860369517,0.11230415376297462,0.08392614731955733,-0.04922891317837462,0.11411910863538205,-0.028980142861759345,-0.023368239830649222,0.07105313217332468,-0.0431461851384939,-0.09294983053539045,0.08723586240737911,0.009315491037043197,-0.07317404252259815,0.10395731584395303
q31_4,-0.47356745456929905,-0.336046640786594,0.034922014729286036,-0.04767425550399738,-0.14990134875885164,0.19477335058262382,-0.11246641045637719,0.0010689162725186373,-0.16712971451323694,-0.035542962333857085,-0.08370051689868187,-0.07892231842581442,-0.2523762360768516,0.008954146214532485,0.03175425965795756,0.060196416152011836,-0.054580800921129075,0.02137874918458493,0.11507114907840538,0.020523575024579993,-0.19646161193359166,0.18361721587518284,0.05710145118947832,-0.1416249488097211,0.1310407253499193,-0.006660072537836029,0.007461262453544004,-0.006198636111280642,0.022050470737946755,-0.005878218246295824,-0.012101751327561269,-0.024801660094975257
q31_5,-0.19237801474623534,0.052776512437785035,-0.07177965352549084,-0.054679726615864455,0.027655516001905255,-0.030986845139280086,0.11254860754108373,-0.0404079810542041,0.11735377693479741,0.006569181652638676,0.04704538731362487,0.0669657265944757,-0.22772327947825244,-0.2076638103978242,0.03603827724988859,-0.07728296480817824,0.018178540416269238,0.021878942193096475,-0.03461121083457647,-0.01685360887045874,-0.27307246525729895,-0.1197338773867751,0.06141214410306952,-0.24327256278314546,-0.03980756738180352,-0.16442896454175676,-0.16685614554919398,-0.0961891728944637,-0.24397054205881746,-0.1030923593907479,0.16303662955963402,0.03404235146956819
q31_6,-0.35075385147058913,0.21230957499212225,-0.40597558963012265,-0.10856833700472825,0.10220890883389226,0.09093557002459543,-0.022003754523153365,-0.16830117406736259,0.13511439181611754,-0.059312831208226335,0.04212307729541174,0.08018238235441874,-0.08097769430335366,-0.007151378988832883,0.0037671363840767894,0.0368484906415222,-0.0007711142289195992,0.09753591422645683,-0.1242337137442139,0.016102443796756,-0.03265698017387821,-0.02005185100389913,0.1344035989987791,-0.04880352741225561,0.017703772017372582,0.06077315009012402,-0.08168916418085835,-0.0381262007561181,-0.17218322301362468,-0.04693970456968445,0.1414010873402909,-0.0510656940420909
q31_7,-0.22332277454602847,0.2225330560445871,-0.26427104076639535,-0.013477302641267357,0.19813462888506103,-0.08880763971300558,0.17359063174541692,-0.08281000774603256,0.2901139718181184,-0.06712769309089067,-0.10544992981087692,0.1735950366831292,0.07796906495525155,-0.042590946310588226,-0.002509519613894947,-0.08473320531394268,0.1043146207162169,0.03983770098300733,-0.14749402398257003,0.013097706194729473,0.0697129884749484,-0.07320688688179364,0.1692401786976212,-0.12487733924053074,0.03700982205202438,-0.0061831333664548035,0.08505247550223322,0.03495053473518112,-0.04863712990717792,0.04474342853166813,0.08181405362337225,0.06439911891886502
q31_8,-0.1131928087575116,0.030564674682222823,0.18406970872896478,-0.10567334726443192,0.1649887587694805,-0.2600175712712774,0.17558881685849834,0.17659728854637918,0.31454729140325566,-0.08995942907005343,0.022689844440287852,0.17295305349294413,-0.014538300817339178,-0.2356207823831359,-0.050815104510849377,-0.1145250542130567,0.16624873950209904,0.003271998906805435,-0.09790431213677485,0.10723810619294435,0.05321851613916795,0.06950141422856793,0.24162508284874032,-0.03432442794237569,0.1537892700995255,0.08408774981455261,0.018239150449026045,-0.052922766734290604,0.05872493352984671,0.037701692237754415,-0.12245353720357292,0.005201980396028229
q31_9,-0.6098115529962012,-0.09834596812980363,-0.15139866350267045,-0.05749678047366151,-0.02547242987215181,0.14150484833971053,0.07293486443732793,-0.08367053360271207,-0.049968524886048894,0.028218860622979725,-0.12353679275486247,0.0010792157879920803,-0.15434325422274936,-0.007414576864419346,0.0025741983469919224,0.01450420125762252,-0.05264828675287528,0.13856925956943095,0.015483469292313555,0.010959928486405958,-0.019327106775591667,-0.07648211434831931,0.1043702541668662,-0.11561669664328923,0.12324493507749516,0.04765944019339856,0.03354624150019891,0.03088173934071079,-0.009472349019292775,0.004572546342955452,-0.028984853755561597,-0.025200524647982874
q31_10,-0.495254842647314,-0.14530004551580242,-0.23346508659759888,0.03661991910172628,-0.004247477386855664,0.2591610720529791,0.08828448967216604,0.02193052339629182,-0.020630718836578067,-0.1392604203449557,0.06485182328276248,0.05510077873188683,-0.04826898545403413,-0.03598397180219898,-0.12849610269540276,0.06385534540051228,-0.002681862623406397,0.02889493042008608,-0.1479816126206313,0.08141567791287302,-0.08612230512757428,-0.038058555234174334,0.051621600588401914,0.010993708784255162,-0.07160076768860259,0.020584855443864975,-0.0671422047324805,-0.11854198517334814,-0.09451635103663654,-0.06385651493834017,0.06317307520155707,0.02906384006675507
q31_11,-0.00017185561754728596,0.2748695011384675,-0.26804257238198576,-0.007586781757893984,0.23166443074741638,-0.17200853464645577,0.19476330278996198,0.07064237665186482,0.32265563377868806,-0.006958160540721085,0.13921104142213955,0.2087276420572329,0.09021157459286791,-0.043137470022842496,-0.041884810452431705,-0.09372831383558584,0.15837680735056908,-0.08055765665504268,-0.18774715463509378,0.08770805835855389,0.015057091343844187,-0.1913490092820794,-0.028843154340962546,0.14065629968629587,-0.06913440003304823,0.00018370730374224736,-0.04843378716955722,-0.03181777914975017,-0.08244925159345942,-0.035998689921998187,-0.039415048432122145,-0.0103019388683086
q31_12,-0.5126172511555683,-0.053466590206035745,-0.3609818802507669,0.022108444076305793,0.04955192237446887,0.2998697606495902,0.0593534061882828,0.14867012436707386,0.042791368013877715,-0.09457493797169783,0.07496578790753057,0.017357378926936434,-0.06943019394524531,-0.00839699700126555,-0.04759066496206447,0.011649192455501996,0.0507743698063573,-0.04951607189780412,-0.17406698778593635,0.09861714746467795,-0.00398913901426998,-0.05061675707652392,-0.1064445213841673,0.0865423764990181,-0.08782931387522402,-0.018121803161009396,-0.031519404184952846,-0.015538687047987516,-0.11155702028703057,-0.022842125468750932,0.0036881428769242122,-0.030289676952527884
q31_13,-0.39121286671299504,-0.3351689150711959,0.1382223231794587,-0.07876097933811603,-0.15168003577943728,0.1191491880693814,-0.06783675467720089,0.07129522754765752,-0.10570400615207663,0.03274557837584009,0.1159500551709781,-0.01858797939496582,-0.2660679167368208,-0.15848589899677062,-0.01945399898856667,0.03502231910473206,0.04451405170500755,0.0039145531206466,0.02873152350913614,0.03895999062635149,-0.20739289497645907,0.10373216277362038,-0.043943534536993484,0.042231921867509785,0.05984207218861844,-0.0770844913919244,-0.0344044497291781,-0.11385838176927116,-0.06335738753014293,0.09465453037553452,-0.1398027515658346,-0.015650769601150468
q31_14,-0.5590575082056203,-0.3669480486307956,0.13737495081765483,0.0005737029226170136,-0.05345603931214949,0.03772154619452015,-0.11544492849299429,0.1249821887472226,-0.00581907285049772,-0.10833364445825938,-0.10461038524039211,-0.010345899331981235,-0.1620380053307992,-0.03384381491828833,-0.086359112419202,0.010159164722981782,-0.003509652576428954,0.03327934197806438,0.02484013670632469,0.012614872478940832,-0.03536599594062711,0.13841473398610096,0.06772636760346981,-0.1385498491815073,0.09524227697215963,-0.017405364908196146,-0.02452280659738128,-0.016449569546137643,-0.027667725538313807,-0.003550895482623718,-0.13426765096091148,0.09104248970948564
q31_15,-0.3722663728985372,-0.07375345232824053,-0.16736548107887783,0.02958763416576049,0.1316327550603391,-0.06535181452255134,0.039001480273685926,0.08934990527566417,0.20794202369244286,-0.12978145456612833,-0.003286226932645637,0.2123663523229429,0.17529476360967125,-0.10262158423640727,-0.04285464977087267,-0.1169925120558784,0.014661240704070577,0.08121832531089196,-0.14057805663705203,-0.019141873648108203,0.15743493068467496,0.06927757386045122,0.24830808129211102,-0.08128768733825784,0.052302178089987425,0.027497779181344915,0.03983104738177247,-0.0044959726353992775,0.010357920122399803,0.10579378148405495,-0.010302739043014025,-0.05530956944091079
q31_16,0.19294583084416178,0.24408464303832808,0.24200900273889148,-0.08839262964561606,0.21006566730626328,-0.30722310771268674,0.1855340332029537,0.028108927596158923,0.29981235717605054,0.07466653759152045,0.0856085679282953,0.07942812682910312,-0.156728356473702,-0.0070286256506961985,0.09606509318100559,0.01935738887084702,0.10346673840945808,0.03762443535539138,0.12644474112013687,0.06001608609057422,-0.19766560492357965,0.014659773670892723,-0.08972234275703858,-0.05555646630262217,0.13960226365502218,0.061124813868472426,-0.07901753075450113,-0.09727330460719122,-0.09447746217354576,-4.832350349583304e-05,-0.1307688621142861,-0.006349555162652813
q31_17,-0.5040142981182739,-0.3359902798524627,0.14715948014391173,-0.01393072083466725,-0.01257358745914337,0.02676021299062338,-0.01465291792573044,0.2472864392201409,0.11444183837789874,-0.11077539789364793,-0.056236346654089386,-0.020477828613768317,-0.10063986197605618,-0.0724903583379647,-0.0824773401241036,0.011010071745347372,0.05836156027198367,0.07802150295536998,0.008929112587250336,0.004370355405173744,-0.04246666013298902,0.07136456823937225,-0.001835162811469646,-0.13168486058022857,0.07912974949941949,-0.0038645608618949417,-0.05864361354431517,-0.09763769109614621,-0.020569874495975086,-0.057498750574063284,-0.16953787834600131,0.0320669380010878
q31_18,-0.46916396973866764,-0.3931724089417478,-0.0651696950378502,0.07149799425212286,0.0010904278251830967,0.09090541012431404,0.010272379331832985,0.07731826870465547,0.05031912927727103,-0.10272629732702218,-0.09449935061519311,0.0576000740574746,-0.10307171641983852,-0.11439595068344531,-0.15116206378612834,0.0987892726502046,0.02328356013233205,0.011373925683171495,-0.03015084764504786,0.06258399464237784,0.04645894742578317,0.03664782371246703,0.030487567381207642,-0.09201418285977025,0.06668937378784276,0.0663141872207789,-0.13285345890100642,-0.047886471153026786,-0.12993337861150644,-0.06893767448013825,-0.016221282692411732,0.1455490286811328
q31_19,-0.5830286475807529,-0.39566892076982213,-0.18116793277250826,-0.02216329426691141,-0.052453041527844003,0.1819911860149232,-0.0698483180325489,0.10903196234609959,-0.045439648063000854,-0.10131000987473582,-0.06255301254017774,-0.07451238743728275,-0.0885734581482166,-0.08458756570897269,-0.13060683113799137,-0.031015864971718418,-0.0012203028111480293,-0.03891634160785618,-0.05863174080771024,0.017340776412538377,-0.008004305074418842,0.02190272750374619,0.007367346127291752,-0.03925478013785029,-0.039494866645760074,0.022608183427990623,-0.010867082938498198,-0.0033721859778459086,0.023025291916670822,0.0320912714621662,0.04184455267643486,-0.05646958096271701
q31_20,-0.5628892536604482,-0.25590979072590464,-0.4091285199933014,0.06472093590812797,-0.058895091641208944,0.2429746597706723,-0.045911831126867704,0.1202982962315365,-0.06782192159200634,-0.10809436316180585,-0.04444857805399285,-0.004979163670962673,-0.02115196808695824,0.012559231295258457,-0.0994208523976861,0.04903670848714349,0.064512199371833,-0.05863893972083715,-0.14677891770914273,0.03884883532386815,0.09737967697470787,-0.008396847510904082,0.06017191785266463,0.04899775801969159,-0.08511002526609804,-0.030506977673405888,0.014219333158901634,0.04646245164189546,0.011017089274948448,0.07998345154303278,0.05042001388763501,-0.047571163781858494
q35_1,-0.5957558793438295,-0.22859033705856996,-0.29639760950310123,-0.009074318374532299,-0.13698196998230736,-0.023489910934982167,-0.05278883586827157,0.1401954986142883,-0.020762077909519935,-0.04609259683047908,-0.13409881545777197,-0.06295683454957159,0.06947099465252166,-0.017474759705321828,-0.03732546613840285,-0.04210674825966145,0.08448719132946382,-0.05413918654478387,-0.08970127826223606,-0.08853875501919045,0.08728584220776026,0.11577409110921227,0.06867638464716713,0.0509640625669841,-0.04729561274124199,-0.009175280224706138,0.041925857196362507,0.07876097900161178,0.05763217063098937,0.07583835699689227,0.06951009992524804,0.04640212529085579
q35_2,-0.5470272849131533,-0.17092487559851804,-0.07689540471839382,-0.07453503735951951,-0.11954184534939354,-0.1810448769932181,0.03160094786973154,0.2451369728489952,0.03274511231262401,-0.021387183053583475,-0.20756549475828545,-0.08788781073469279,0.0016419187204829743,-0.008535020008887905,0.03796170894155567,-0.11139253499847318,0.16487831987612822,0.00849006809302584,-0.04819899097369745,-0.140846134636743,0.03368866311277448,0.06401961443080902,-0.07449824994723418,0.05503982978662329,0.06985966937987328,-0.012492052771597612,0.02512131240936593,0.07067469057764475,-0.01321817296976681,-0.06992728387825824,0.06798201285161824,0.010621873975353321
q35_3,-0.5006393521277812,-0.19037988798583086,-0.02646153736205067,-0.1892722078161836,-0.24787998277745887,-0.1827211554698842,-0.048957417260448846,0.036998046519344775,-0.033061423653214114,-0.005262231404787973,-0.07183452599690805,-0.09648194138552552,-0.001837001442799366,-0.042514844806392255,0.012830549481757053,-0.040026514410905614,0.09530267809362014,-0.04447888133536137,0.04553106833478047,-0.11466737589047694,0.016902425499813117,0.07258813464399454,0.0906978715305372,0.010818800780652263,0.052507564305533216,0.03843198888326352,-0.07609260580277251,0.0028727375253681992,-0.005381403207627236,-0.046466916785155625,-0.09486614944467445,0.016848109657288435
q35_4,-0.3469080325082855,0.0868808941916162,-0.20932264758711633,-0.1160171814028814,-0.3067263285910301,-0.27096119185230444,0.020321945757298145,-0.12016383306570767,-0.00650500151905444,0.12507758078054068,0.025912774294081814,-0.04560670853591838,0.08012734370916097,-0.03472935660242637,0.014929772990868876,0.025339939988751604,0.05661599955128453,0.06125520386884509,0.11701352513014386,-0.16000357824921446,-0.11558101394546662,0.06832040580704622,-0.002656325692115416,-0.03275520227146694,-0.09275219727678534,0.15226640682676387,-0.03428962375586245,-0.044626873251148086,0.0009953978355472237,0.07913401682734857,-0.052468412777480766,0.020714333757079484
q35_5,-0.5394219690067791,-0.026485727465779402,-0.17568924211310288,0.04273372833592126,-0.06455928466117582,-0.13856576736994855,0.0775971048485578,0.1019869531035851,-0.040079676091479166,0.05660534171873697,0.003284273449308056,0.0013714224638015377,-0.0005349774759944901,0.054368179800400644,0.12977926294820333,-0.025968846766636182,0.1471857585913394,-0.05513792781027361,0.02139662175152205,-0.07648804220649931,-0.05289148295638907,0.013192129978016281,-0.09355729574953539,0.010818527551181886,-0.052485316021124474,-0.007253921339934791,-0.04018773152196083,-0.039066753639794005,0.10336984192317152,-0.002275887868794376,0.028016337802476175,0.06910346923787454
q35_6,-0.6136897510305102,-0.1272900164892428,-0.2144863390346602,0.050901405858281935,-0.12697976998529148,-0.21599654462735435,-0.004699064876497863,0.059456496347393216,-0.023972387117624314,0.01631806161564708,-0.10063379317011997,0.003946330092119946,0.07473116902765203,0.015443578513460439,0.13056495081569572,-0.10063531720152555,0.1587369067981868,0.011925870066195245,0.045337322674354176,-0.03515373575523662,-0.029589111688563218,0.09072791300426476,0.00026322659246835327,0.02217704531720763,-0.04579189033282857,-0.012257374848834511,-0.05142112245700804,-0.03147050334516183,0.057863109458288986,-0.046317728071961224,-0.052864818245478694,-0.01889944219867386
q35_7,-0.5416833577774202,-0.32741026382766963,-0.31871508523841946,0.025068801408786943,-0.017283085542333605,0.019750710591790514,-0.07942734409620572,0.08808399946790689,0.00540080581056391,-0.15808896542988154,-0.09157311021847869,-0.11431767769761392,0.052605129826772644,-0.012211778702387311,-0.09440389622540252,-0.04982159666214363,0.06397481613609367,-0.07532213874243687,-0.08943639546671209,-0.02619931119765627,0.08033291641862682,0.09988763599444121,0.06980283005109665,0.0024020838801458253,-0.052995907088579645,0.03958378918588607,-0.016164681169525193,0.07083365107838434,0.08529466120936435,0.0626601733253494,0.0769945436782154,0.0355589723780203
q35_8,-0.40079540756248055,-0.0624790281218151,-0.21937599285909323,-0.14859464455354396,-0.22403686151987037,-0.3311251484343614,-0.01847022567842045,-0.1051769245997014,-0.028205854774176486,0.022837930044482434,0.019460392518538268,-0.10687852987244811,0.09845375047143926,-0.014017330266575161,0.034545562625572464,-0.04953312037429527,0.13708829085041024,0.0662750429826154,-0.0021016802716903463,-0.0980609506457342,-0.17948208970011367,0.043155611207804666,-0.008000491244411382,0.013714864585780293,-0.20488306408483872,0.115343330757031,0.10216547499218731,0.004203931133161873,-0.1957177453872705,-0.04643414516152527,-0.09788848739507598,-0.07101762025048915
q35_9,-0.5704348565046976,0.03788089791066891,-0.026989166275429376,-0.06623879459793122,-0.17450565360716142,-0.24698743883085367,0.08993228498399827,-0.11483197937857852,0.032458199086582776,0.13822768320807327,-0.13637722217968193,-0.0351272476057491,0.06686809230144698,-0.016256014483181567,0.12499573111663594,-0.04801741673713135,0.15624529904323434,0.1285085451383783,-0.09546919632417646,-0.026594776914919432,0.012414922661450823,0.11728414621789073,-0.12334842195669893,0.0073838911011890355,-0.0842448462440739,0.014436358789917565,0.05198004119870834,-0.05590781223767537,-0.04878185192894392,-0.009725044485430236,0.04434656965377545,-0.05535228349417743
q35_10,-0.4891299629582904,0.1497684260505553,-0.07264298767144138,-0.09804042833936277,-0.28972457119852973,-0.28147710865169423,0.10514437475383685,-0.06687883807263775,-0.04071620297474918,0.10477099280094436,-0.12849802769821636,0.020978812395050842,0.04836706096467126,0.10061172685982052,0.1260616402519102,-0.058607168861875725,0.1540460242554704,0.07484536689814512,-0.08419062101975026,-0.12932385103297092,-0.036532340742430634,0.08032344555893792,-0.04304319321752084,0.02346249884759843,-0.1279924683738577,0.048426684010943126,-0.02933343650920229,-0.00794887831271178,-0.1212617278287832,0.03940201984562056,0.07091603249024508,-0.0606144145015651
q35_11,-0.5940144199809317,-0.17192446397224384,-0.04871355571076556,-0.06528276790340927,-0.1280015350368801,-0.13276862717921392,0.007892297225992743,0.21686880809086648,0.0539493654840873,-0.01707006023659479,-0.1812035674995374,-0.09740643573636955,0.02913826665227081,0.006319716801077598,0.048266870621598124,-0.1151791223709593,0.1887816526654551,0.028310657024929697,-0.06405498946913836,-0.12278833135988514,0.02022643036307897,0.05428066600738675,-0.09343518440688584,0.02858154976046966,0.11695795691206734,-0.005609210846511735,0.038495123146622866,0.0850195709083411,0.03109384598762416,-0.10019106234215053,0.04605995734953535,-0.043238242064077115
q35_12,-0.4745509492198447,0.011566328312586227,-0.23216572729041632,-0.08476315226807221,-0.2893575115259428,-0.3134768552452744,0.026016078885710232,-0.07966687859088349,-0.06901559480116548,0.10205034801330767,0.014405779058861609,-0.025958421585547686,0.12043031700910883,-0.0014703714754954408,0.14665812766816894,-0.05402466601680734,0.10675223417944758,-0.001772404649248284,0.04329545614557413,-0.14677242289871997,-0.04991730157260473,0.048851056990594686,0.026187269735443615,-0.009000215243371752,-0.14292111417375955,0.03854610534825335,0.0289551526096961,-0.04126904602570126,-0.04370753188472709,-0.0037721028673193087,-0.05011834995221516,0.019713686667727232
q35_13,-0.09556793840299156,0.02947115039232902,0.044159922790327995,0.16578791064850787,0.05705619400767479,-0.03972974591780082,-0.016321878124441073,0.23983349085708502,0.0747088463388981,0.03393236334252728,0.008120726318761092,-0.03468103640204593,-0.09355327124458622,0.04377165837233096,-0.09580491100538363,-0.21308186990206207,0.035554535164211754,-0.060327280847662215,-0.07409458454204279,-0.06866659381272522,-0.2635757880981657,-0.05184566936601922,-0.04803336035059971,-0.10007148931185833,-0.1310892427481226,0.10746127733849879,-0.25677689552031374,0.15582446022348798,0.2295182640790428,-0.2505757540541012,0.05811444478982404,0.12781182213693862
q39_1,-0.39641802876534243,0.15176649215911087,-0.3189080532127181,-0.0943811938844697,-0.34448536188690315,-0.25683507941005035,-0.03596618149883038,-0.07358650755872137,-0.0020461747452199413,0.06292112858148931,-0.06858285821685588,0.09441434057760364,0.02748082478842354,0.20306393659668276,-0.06547145163667273,-0.0023258824575337093,-0.19296746053012112,-0.0808512982171945,0.1651307672514499,0.14156857497845712,-0.015875770882550055,-0.16802666067248734,0.07971258773364291,-0.01858856647452027,0.008614891904766473,0.02474361706383685,-0.07905207661241959,-0.06717224486499593,-0.014026860416891938,-0.042068621250198654,-0.020884330242761543,-0.03318886738840421
q39_2,-0.11562010493241189,-0.05887496275898841,-0.0940455319314792,-0.08124244097643231,-0.14369946599974254,-0.1488757024277476,0.006327204940421859,0.07066246768353773,0.1031857092049486,0.06112939190853372,-0.0093506330247236,0.16571055740126078,-0.04572221182416168,0.09866437501441704,0.1080631397087446,0.07656094612489904,-0.11188334263548996,-0.07103959863676448,0.10342307847159603,0.4298575694038489,-0.14009900569182565,0.22610457915432203,-0.04417005278897686,-0.07457080758556311,-0.15385308915568108,-0.016008320217513243,0.2949452391832584,-0.12976383882534534,0.006471118631069993,0.017279050260640548,-0.01072388271994969,0.020121875850243453
q39_3,-0.5036463088713112,0.007949579165171873,-0.3260826578232212,-0.07508014905687384,-0.3436093725714523,-0.1965061999180028,-0.03802912611946819,-0.017465459511885023,0.023546988267833708,0.044645960045823524,0.0011534587934715474,0.08731670363539154,0.025047165039952555,0.1398883030350821,-0.04034261360178504,0.01946857601206862,-0.2176658451099816,-0.1185337713459101,0.14281245844752596,0.1439016774405215,0.02865442298512454,-0.15536944307830317,0.09677327257543095,-0.021970467908772915,0.03947875992715866,0.031169165769009563,-0.03625276189860776,-0.03648935679202473,0.03212058036930854,-0.011815014391344714,-0.010165929747732705,-0.0011236525417960557
q39_4,-0.45955272063881136,-0.20900814927800615,-0.07642438849212604,-0.07337453916988902,-0.06308127148938704,-0.21134159840074965,-0.010964516709841625,0.2518040410777944,0.09983055206290958,0.026543924626571316,-0.006406227396544664,-0.027091738911609226,-0.043613068286042826,0.0847350764011372,0.04116751790964982,-0.012121474947927419,-0.19240320656637816,-0.08945163393443475,0.017823990362206266,0.18217871025087776,0.038907913026660766,-0.035948705045861055,-0.17676030604151063,-0.044769641292145904,0.19523330027725996,-0.08272078666856097,0.06410620187753963,-0.007190072464794443,0.03233905739033651,-0.04303717907648925,0.09233983918244217,-0.04920606127751928
q39_5,-0.48392122961633605,0.0045284445659868715,-0.15428954823852856,-0.0707910865863398,-0.1520651860683614,-0.23423819310930494,0.016247809864260748,0.18844813372461533,0.1429520942967342,0.043426758815286244,-0.14966196806258714,-0.046416323053654555,0.002038778549504639,0.1854164985000042,0.03245545225505039,-0.05484261208029322,-0.21405717269579863,-0.11104667428890004,0.04227651707153071,0.0794162278495804,0.0670909348502393,-0.15129354670995143,-0.1154348974331404,0.03811426903083462,0.1829858619750392,-0.05163127198292482,-0.12752241754003854,0.004747379204706345,-0.15425070977924957,0.011434632728872414,0.0660180092791789,0.0730420532799077
q39_6,-0.5672792847141725,0.022819668224326895,-0.21794077146364899,-0.06250892370767704,-0.21388779268093894,-0.22526388353748103,0.022594211412578894,0.17153476157743536,0.06791327394315559,0.0678964292686571,-0.11767970091581421,-0.06939404572835908,0.032180291359789295,0.16001659259190848,0.00918898524778457,-0.08409780512900161,-0.20452518996668798,-0.05308487072348166,0.11048953365635396,0.09289029834677673,0.030850844733269062,-0.16096385538498478,-0.039905500842769205,-0.018010846695648026,0.10374867243807648,-0.03688109527855753,-0.03538856965623735,0.008897490028117521,-0.07165200200484774,-0.030155920514238845,0.047744764197282005,-0.047334006752204096
q39_7,-0.056800410068669344,-0.047120776679909125,-0.09934660813969383,-0.013153142085867552,-0.03925530616472156,-0.15950783249135556,-0.02008949136152818,0.013629574892961308,0.08127565334782198,-0.038743353030566655,0.1618741691297293,0.21776060650032678,-0.03503253275590891,-0.02012713452686609,-0.08656649611381063,0.0715533693442471,-0.12661860238385408,-0.12441102424242265,0.08360801254792784,0.24336665940533841,-0.16163665415317882,0.07813617463831933,0.14093743366259578,-0.23378063990586442,-0.31826940197691317,0.15562165220871377,0.34242916949559743,0.12040095400392449,0.18298355777152914,-0.051428102204509434,-0.02779179710518627,-0.12856139642187112
q39_8,-0.46810114496890437,-0.1315647257599193,-0.15390707606162093,-0.017893866698207615,-0.08034955020029966,-0.22250785540587487,0.005644769205319539,0.2368392841308348,0.14728070962778728,-0.020070250621506046,-0.02587106421858206,0.018540937208910865,-0.004106337539686585,0.09596877355205502,0.021467830892814063,-0.08033522812389021,-0.19448860458607237,-0.10054429391968682,0.022014029048587264,0.20068563174301293,0.10061777172953221,-0.08258716023654633,-0.03650628385181879,0.03836437001006228,0.07842810697809548,-0.025011020334772333,0.040585068336178844,0.008706878773458264,0.10173942817690468,-0.0410109038710386,0.059509657331073676,0.002596988870567938
q48_1,-0.1722932502513329,0.33423745714588743,0.14476030718654065,0.3782832937415748,-0.0350229363881823,-0.03852893820115735,0.045756759034225436,-0.05351699030975523,0.15411354206544,-0.10132618970282237,-0.1046179971520699,-0.035379114064660364,-0.3184243212045244,0.2770620237369112,0.13690952011011331,-0.023282320363803444,-0.205860158072338,-0.020248757418828575,-0.2375613706345637,-0.09168534414111461,0.06136317454766669,0.1882092926784183,0.0704734776050157,-0.07495211700384545,-0.02776165234598815,0.09737905469934491,0.02180021466305804,-0.06827202236003457,-0.11435100731888302,0.04370876200104003,-0.009416160052315133,0.044768995757072015
q48_2,-0.3561889785026383,0.30253565673370275,0.1137521112140367,0.3542865241617786,-0.094865920751426,-0.010063201028500442,0.12822020988348365,-0.048968258365660516,0.1328587562329801,-0.04629719225078475,-0.19028199668661655,-0.15388599037276643,-0.10524685943952804,0.07055890616483508,0.1178426373173409,0.10506755447949556,-0.10433228246314857,0.04862209445824864,-0.11249957196309213,-0.03681067413082943,0.13074341730058242,0.06743072173509065,0.038705086393212934,0.06747108651661939,-0.029754998092729544,0.008268255010184473,0.11033738784613213,0.008756625621877233,0.05883290625639799,0.14328217006724087,-0.09312310395081104,0.06107760265001051
q48_3,-0.29346635437762203,0.21393484316782835,0.27703627823275084,0.4691679433875706,-0.08815382727947127,0.13093611027797847,0.03795585421283956,0.08157638091055344,0.12566641246435728,-0.022072765029797933,-0.0346788133001541,-0.06521068407114114,-0.1129214375801114,0.055321417832075954,0.04657910238972573,-0.11627643330384613,-0.008200389055815547,-0.05587327527397191,0.06499408244630714,0.0020700165824060657,-0.055520618564299296,0.1348665040142211,0.021089590884773926,0.0016827618345766455,-0.01604390121513735,0.11203778114482854,-0.040257033951191006,-0.010224966328924417,-0.06189164668699612,0.043718991878871134,0.019819943671042898,0.09511842950383485
q48_4,-0.1907982989278283,0.35928122987338984,0.1753221047490347,0.400263221289213,-0.04802074730556746,0.0373729744724414,0.08892652629171227,-0.0027566582976850584,0.15453812989646665,-0.059135863181966335,-0.123838274050018,-0.06506423684823776,-0.26993140019056056,0.2674649077991569,0.15379346796769366,0.03453893679536416,-0.19629656187595987,-0.03607041404429244,-0.24375275540053737,-0.08981142607092281,0.03342891693959217,0.18496995797854252,0.03899181722454501,-0.022230558858100147,-0.04197606240106673,0.07380682901424444,0.021478048390428574,-0.061360043468867566,-0.05107247477618682,0.06804130914701025,0.04138280845449593,0.02391258580232988
q48_5,-0.17203239753744645,0.1464703795703525,-0.07783482034987577,0.1478612183853743,0.09364248836512169,-0.11961142364036803,-0.07252744570288039,-0.1761373023824845,0.15183555165309828,-0.09923115424008401,-0.04009352939196762,-0.19695069681646354,-0.03700796184975499,-0.03792385051749352,-0.311163838296009,-0.13382879995356312,-0.08475096873825726,0.09366529398296465,-0.006160915671931172,-0.08892300490043595,-0.22778145281367898,-0.017096165913076566,-0.19224836806390722,-0.1001686562026362,-0.100293558430099,-0.09208269589546321,-0.037441361158578594,-0.0300615101036688,0.09758896131517006,0.10634991332440694,-0.03406199051735128,0.08737833925387296
q48_6,-0.2555029148569146,0.01363878160474798,0.2924093211653032,0.13149558333103567,-0.2506511577714605,0.02206018298722546,0.047225199516111684,0.1069589810960226,-0.00687311996799245,0.14635103006365496,0.328082108207008,0.017495966182030875,-0.010293642207100405,-0.0961308135364865,0.17777200694849835,0.07366474190991423,0.12650592509853775,-0.20603282259075778,-0.1036271444296515,0.044950933158484,-0.01846293709574929,0.06335685842462994,-0.016260854231652855,0.09047590486543969,0.17426307194240853,0.172246771445122,0.037363646541874816,0.02946315184454649,0.00507026183048738,0.10791829159544347,0.08881380068172394,0.048220704499725486
q48_7,-0.34177593853440225,-0.22133174281161208,-0.05182725740523713,0.27487689573538737,0.36386703369612294,-0.13741738491487618,-0.17319692369950732,-0.11092658470324286,-0.037336615503166914,-0.19450482649599304,0.07600415305599328,-0.1533461246997459,-0.029892094046085935,0.17451422972069666,0.20359193863839245,0.023770153066160635,0.09590915237393444,-0.054310082608100316,0.02327847559342434,0.0316019499547878,-0.15212381266287167,-0.08407680711657481,-0.0026596215626935155,-0.06370732360631902,-0.01895331078106975,-0.04737731655443293,-0.019438710927842124,-0.014599935637812466,-0.010440082851071616,0.13908556936066496,0.022209286523534644,0.026822489279497104
q48_8,-0.4514015933834902,-0.03333133820186132,0.19324347017978233,0.3208371972066612,-0.09958574775176449,-0.02903597270677706,-0.1808782777284626,-0.1759890916978465,0.025944953629174254,-0.0003055377948163798,0.1251680178027034,0.07363576005703516,0.06098515943838674,-0.12769643011606086,-0.10261283857459252,-0.017779519514593445,-0.015675145015001824,0.05778998536879914,0.12378316858184628,0.07201945717264119,0.048899609078773984,0.025616862954679527,-0.07613930305971732,0.03319934906368083,0.12913323054757006,0.1327570365547143,0.020006676624546825,-0.020811742771312623,-0.23694770957129868,-0.03656315734782332,-0.018732478910297928,-0.036756268204669956
q48_9,-0.0935539804443729,-0.30546463826314024,-0.17011929946541077,-0.08718143057197443,0.26846550454619195,-0.1986928119286144,-0.07415472653692126,-0.04678944087830114,-0.05468382208286618,-0.11752039810296588,0.05966383383896827,-0.19914317440404522,-0.18651374269447885,0.12855394917521132,0.23590985998620034,0.09180882874276194,0.1066492097626997,-0.1363007717071568,-0.1087598629201884,0.045733921482654,-0.04296544011835418,0.03745825227247197,0.037333404853876054,-0.02762398013863343,0.09051714222869468,-0.08958682523071197,0.041282992873867795,-0.04676742010765356,0.04264663794419979,0.09831745758765721,-0.020152816634740573,0.07642149706926424
q48_10,-0.43325102032885066,0.2102203786682903,0.28010274762098186,0.06258688085223771,-0.199153723587716,0.04844471543775238,-0.05981112385995549,-0.1922192096053391,0.10829182452314579,-0.07548679397967457,-0.16924360011440545,-0.04358152824185068,0.11969841225300314,-0.20339990853233003,0.030739800078813134,0.12468244047166104,0.07524611500147073,0.031245862032797243,0.061039584038350775,0.21974694756961022,0.08188831263701388,0.05692380137124885,-0.033039675402766436,0.0990433283757067,-0.02218273562965715,-0.09573151579585738,-0.01617544601763759,0.07130545970995182,-0.06579516580723492,-0.057776267349161456,-0.005525358415322452,0.15127996658311216
q48_11,0.025521893150074415,0.15526943400790197,0.20604370092300212,-0.1043121436467482,-0.3515868231965625,0.09137896268501874,0.11175545005485794,0.10809981310551177,0.07177029179635655,0.17989101132518912,-0.013657396225806445,0.03612672813604228,-0.1381834186892326,-0.2662878119850847,-0.1619768099770413,-0.02712679621051726,0.007807877302373403,-0.07174397659018227,-0.10684626925079188,0.019131228124353663,-0.09995239012963904,0.09384077734268097,-0.11035892993810287,0.13093660118274852,-0.0011665047026648823,0.06603593777023496,0.026793443714772266,-0.05098526758211843,0.004643617345342391,-0.06841922452210646,-0.03387270724651899,-0.1240054732100051
q48_12,-0.3298359884976634,-0.27107436407632374,-0.15477401137581506,0.17236688434950773,0.24323966713361528,-0.24785034478047405,-0.2630479393070555,-0.17143799244563296,-0.0457452445208435,-0.16480966409256875,0.10651390716382807,-0.09588095841768751,0.07465134578169955,0.1395820025687876,0.08358074692243586,0.07219359946449604,0.09003691649776752,0.06562739451394359,-0.04551988274088218,0.05153701031974041,-0.0004248350525908938,-0.060650730838731993,-0.05469760681529129,-0.08353538072549124,-0.038873081568845,-0.1280004430769913,0.05770991138113693,0.022800472477636193,-0.08005669039886619,0.12815191599909356,-0.058701094773231974,0.015861152572441042
q48_13,-0.36896109520776915,0.11123524570324198,0.126190162322337,0.4760851666368105,-0.016706491273859578,-0.0390635527235068,-0.15979081112670188,-0.04745104785586017,0.08263699124816638,-0.10178924145353396,0.04362721627623075,0.14232121295780337,0.17224287412729364,0.02787251557294225,-0.19477381574829158,-0.15865787061358752,0.011540767932563747,0.12472247489191542,0.1638024715180726,0.0023496503958392945,-0.03630427211754554,-0.039369415776954624,-0.15545990428854572,0.021844789672051924,0.10548739234021474,0.05954887801592987,-0.028450784073839133,-0.06497716882693651,-0.0354246061984532,0.09872472098843149,-0.01788550902311143,0.0270032533152637
q48_14,-0.42136630700066413,-0.15069117966301346,-0.053077853547398565,0.25940233410355923,0.2377312926210935,-0.14623092676051996,-0.2663270372969466,-0.24858404326112202,-0.007889900566082247,-0.14929662822079304,0.0726130011850665,-0.027500688610402738,0.0656959670285785,0.06184818517578374,-0.06512120784632396,-0.031024711409404545,0.040758610923269496,0.07236104428436582,0.07805953702964567,0.027298266515079044,-0.06123147060625718,-0.09102470770109294,-0.05830604074202812,0.008613449535677851,0.10649807051945018,-0.004859815378018898,0.07224221331660974,-0.06183703333311186,-0.014693468522875319,0.060186680661254544,0.01293736771907713,0.041635432886529086
q48_15,-0.3799066344532841,0.21462990869595402,0.030456547586968676,0.35351479258354185,-0.10294660771800633,-0.05825869786962338,-0.0485024439516199,0.02561342654182004,0.04466034939398127,-0.09056499729465198,0.012135057593534733,0.06537391715710558,0.20219636642771363,-0.07132415726499493,-0.09007264455897734,-0.013966686276826,0.09323300479327733,0.06366298874794056,0.2053661324863343,0.02414927417507849,-0.10769452092053389,0.031384894015546186,0.017637419104772643,0.06757139701938848,0.013075962738569022,-0.028148208153804834,-0.01616636762579549,-0.025992728664726964,0.04749051323551207,0.13955338569087872,0.02306332975760683,0.04631921784959931
q48_16,-0.3735626043153334,0.18986660277299428,0.11371098714125595,0.480912579199376,0.019020930964686458,0.0021858084580871334,-0.08183172595649281,0.006304923443432621,0.11962991234908696,-0.07768227784710245,-0.03904523892653316,0.10814368209983184,0.1278197061461223,0.030654537033826843,-0.09631504546737678,-0.11866104735988953,0.0608260411780736,0.12498166633595424,0.1571971231489627,-0.022541418130565125,-0.10621762860204001,0.0744616362127583,-0.08623626150364631,0.10454111818507147,0.005611018543393735,-0.01875002250129167,-0.07935731606801705,-0.07663212093250851,0.038835783456376234,0.1086619897536968,0.06927161130565115,0.03736009197471721
q48_17,-0.37591940636349125,-0.05108102404804545,0.35142582970678954,0.26030082783525915,-0.17578729481501915,-0.0072918489166050385,-0.1495568163763463,0.07883959327130358,-0.0031272118418087112,0.11479459472697573,0.35604942436512693,0.06238065243258812,0.011651900760039243,0.06720510739894932,0.0010243095316344324,-0.042690779949860834,0.03261722464452189,0.017499879729284604,-0.21048331568904566,-0.016610998827157362,0.022371202885716503,-0.12072827032965246,-0.07943883432410534,-0.17221417955435284,0.0412300460352272,0.007456198481449831,0.04241714526156526,0.04763787801902176,-0.05745518943469446,-0.022481450566854876,-0.005251088254116522,-0.04955244683543136
q48_18,-0.25785427651657916,0.18612958831888732,-0.08457447854311416,0.1781819592293998,-0.08487624593608449,-0.02666064770682727,-0.0004713033555206228,-0.17776665151585738,0.01989266464316611,0.03413220788897685,0.05652465908329326,-0.2515817653914875,-0.05747135129966893,-0.19666109394796089,0.05456841040987209,0.12727296584308237,-0.05951099336329666,-0.11030813113931733,-0.06132910158444105,-0.10102016593316542,-0.04888905669638397,-0.18028038535264304,0.23997948584585446,0.04092442829172244,0.05337910176984938,0.1683659236764847,-0.017598682689442608,-0.12534684234925092,-0.003954758853237446,-0.03457174713001531,-0.07723926138806854,-0.0028211093316711624
q48_19,-0.4394849243668715,0.2154670874497087,0.03040390846160377,0.30219075123457645,0.040328106668126945,0.08948624236656473,-0.0029773402560507064,0.046395370018646666,0.07140907231919047,-0.02779660065129129,0.04218291665807725,-0.11607117293254507,0.07138712840721201,-0.026900637236652876,0.08464610766648667,-0.022544099267779904,0.10504784906693101,-0.02249484740447415,-0.04183628142444559,0.14583094009978234,0.05326295486979931,-0.019552615901094066,-0.07287318587663007,-0.029767286889626595,-0.11384194158346085,-0.12689124505647165,0.051836721613446594,-0.019549144094027797,0.07281619924403847,-0.11946503839023057,-0.062187711614827494,-0.12383623826043187
q48_20,-0.223239577621016,-0.06270262416180125,0.10556953094208259,-0.02152476211562351,-0.16530363372597262,-0.043303132612946514,0.027632852371025637,0.009459949115918553,-0.07445767552486739,0.12585780974950803,0.2281757663181206,-0.19897322913342508,-0.024378708317500775,-0.1949965994685713,0.11198911046839814,0.22807526901983932,0.060015124643584425,-0.30787812503253964,-0.06120386790722607,-0.09682099972262478,-0.054994740743070265,-0.10805246987467285,0.0844939419260207,0.17190105905881245,0.20427748207925206,0.1904446242526558,0.13481542814705558,-0.09645817487517615,0.1403309399135782,-0.025280992433459125,0.12137190208356703,0.06757262296581842
q48_21,-0.2692968381058625,-0.11074978298617069,-0.07455424141630063,-0.10206289359494544,-0.027067647988184552,-0.24568861211578275,-0.11782776295934069,-0.13179467216423568,0.007024919808469504,-0.017930238519090105,0.12193514910158815,-0.23300280216726096,0.050445703872365404,-0.15458038886274544,-0.17030676392565852,0.16046206866811238,0.056962068589544,0.03319010407165253,-0.2583727565878434,-0.0025636446972229516,-0.05604929701219174,-0.23141243274097006,-0.07929494825012912,-0.16002969391636207,-0.022274459267048057,-0.014662168616224354,0.18546217413328497,0.14101137528077728,-0.055983966524425784,0.06192695849500288,-0.09593692310286643,0.027233522627077258
q48_22,-0.38089794615445804,0.15677357911978448,0.2799758951682135,0.27644848738904715,-0.253909397068558,-0.009500639444383209,-0.07285333545939698,0.018400147353965977,-0.02479071822561807,0.17709751774083676,0.3105883591405329,0.03332337844003302,-0.0017699336955078688,0.06416274585407111,0.0757607226775144,0.015993400606415503,0.031639380178955456,-0.05890394329396135,-0.2642160794826242,-0.03996973599979319,0.05168001586559958,-0.1174710225068899,-0.09294595994255754,-0.1323127186469209,0.05670188511574198,-0.01791118460869834,0.0018321127976563907,0.034245683717181535,-0.012070983475899683,-0.033748062818150605,0.057017190748447424,-0.053138665215683674
q48_23,-0.5224762892197025,-0.03732355962115116,0.19179370819132646,0.2183527555261853,-0.1490452088365333,-0.04354714893343218,-0.20306559728904516,-0.039612503884074425,-0.04171628402392278,-0.014487393227476037,0.18761787374396433,0.013123826867005736,0.06246982392092054,-0.060580641210663776,-0.050457891477720916,0.01775596888032052,0.007141621403656244,0.01726474675754534,-0.06999998236243833,0.03149310247817412,0.02355945400141862,-0.09223487034097037,-0.002971010081842315,-0.026949831874854675,0.06797055873621012,-0.009979487012626584,0.0059798929661454775,-0.0040187846316222875,0.03700733450531028,-0.1030440911231311,0.0010301786829195676,-0.15120245980293476
q48_24,-0.3559398139619041,0.09308493844051739,0.07771027104953447,0.5240088215193287,-0.028258453898718398,0.20640038057618829,0.03913834073326758,0.1819013727724415,0.011383422243430375,-0.031788949077945126,0.043240214019132195,0.015083076413128203,0.04508774142866798,-0.050377758576874945,0.13818434965977663,-0.05028568291524719,0.07474035001856143,-0.13546149127510188,0.21967467996684772,0.08779062749047849,-0.03034086604946898,-0.05497010405759863,0.13675220279696013,-0.06698706908700175,0.0012595105761859183,0.06873910415122288,-0.07473089546084387,0.13077993828106219,-0.07741942874296787,0.017564453272760606,-0.0013566906569028832,-0.06292108969890449
q48_25,-0.3694898082562915,0.1922596744272446,0.12169796962723423,0.30404361725155943,-0.15765060820942706,0.11814196840959852,0.08021657080688513,-0.0033517303026046334,0.001044286507574824,-0.03979548506960016,-0.00399748290462054,0.027775217610610293,0.016710198415521467,-0.0942683769046701,0.058284730479053325,0.007392324523636079,0.10929320291086884,-0.04304776978508963,0.14445092363960824,0.019012474838202616,-0.0181031750703632,-0.01852431505381615,0.13974144351968254,-0.04149935179378046,-0.06259399310872277,-0.0038635302700917623,0.013829975120410563,0.14196068383400887,-0.029641008366074046,0.09151077860509237,0.007362978362951289,-0.1479090049360669
q48_26,0.09245771231314437,0.03368415810561398,-0.040113911453701336,-0.3736810558000457,-0.06792679437129572,-0.2631521535660917,0.041634152004085344,-0.2420654221183384,0.07086808259444868,-0.028414984079407245,-0.04210994733588464,-0.12896662039534174,-0.10190535794889292,-0.0876521628633305,-0.303547683500993,0.10084441636951189,-0.13695933529356769,0.12629030113833603,-0.22051508377973553,-0.013059173484629101,-0.09264502141576915,0.06831908725254392,-0.18126162690665096,0.027272223106332642,0.05577251354349536,-0.04549828413794527,0.11761879996639188,-0.16660334390738643,0.07593253048651458,-0.025470174466737994,0.10200398311598742,0.0698032051500762
q48_27,-0.42029880528751623,-0.2133092665763215,-0.08543382311115989,0.34199329377239956,0.2877661122740264,-0.09324464522033522,-0.16812118306284626,-0.05404766301471794,-0.10447099196336752,-0.14048334206494692,0.09199113568053906,-0.09245962412743008,0.0314282865153377,0.09692693896796947,0.20199090799344419,0.07032836035342994,0.11266896798918337,-0.09305061173214173,0.025299505513403615,0.033065347164498896,-0.05150095376828249,-0.1576661742957133,0.05662666878436982,-0.11257760221340334,0.0036382890145624184,-0.04233952016748259,-0.0013581802349385227,-0.016540494795341854,0.0595588481211079,0.016134785978179432,0.010711005878168119,-0.05038117343215579
q48_28,-0.26462196044626196,0.2432795032430459,0.1936214533262312,0.31064018618488864,-0.13976716829484256,-0.005757984593506693,0.004430026942623974,0.012339755484105154,0.10731091303744306,0.022331638622197114,-0.08414944685491975,-0.058641770832209866,-0.1288787236613724,-0.03918877172186207,-0.26383013660974997,-0.08428489930560287,-0.08220755574082178,-0.002352694886540608,-0.0948753688325487,-0.031137389504494975,-0.11943082528652985,-0.09652760405031574,-0.08936355015531143,-0.06368828838253127,-0.052169746810401,0.019887475589594174,-0.005812756181725878,0.0881742291347435,0.21699243668908255,0.026227577828765787,0.12035962860799634,-0.05994569316782117
q48_29,-0.39172363425730106,0.29771088251681327,0.16637374281660702,0.3893422903356308,-0.20062926739901046,-0.02357113369634254,0.03129845192114477,-0.09372966108527828,0.10996529134810913,-0.04085717989283327,-0.13381774349269857,-0.04650705331397082,-0.03823003487648454,0.0024155313397326156,-0.060610448994881674,-0.007519135264658904,-0.10493528779591348,0.10620457148617413,-0.06082815820736545,-0.01604918637563103,0.059972861927705776,0.0638377163506713,0.06408066293704451,0.030977431459264074,-0.08151382210971693,-0.06815335505664351,-0.009839865513578757,0.006424195087980884,0.12694440779433783,-0.009002147534080974,-0.02059077167905547,-0.01302626115011779
q48_30,-0.5424122542338199,-0.08509419794333364,0.2604725824590967,0.21586266428272521,-0.06356009720565825,-0.08811106095095521,-0.17749456003797467,-0.10511543127760677,0.0029184282993033857,0.00016503560455099423,-0.020870259591166018,-0.05591367805143758,0.023249575377234537,-0.07757761473133608,-0.10917826426070128,0.027382343944144148,0.05140562752963447,-0.05422680401401184,-0.05774083428948022,0.11192183026698835,0.05866390668022878,-0.08647036631522971,-0.07818842849318323,0.07116836473976851,0.0764523671857403,-0.017129295939865362,-0.01473679328195145,0.018103251691780335,0.00432482848507897,-0.11968746286899336,0.012802118801211335,0.041971250875971526
q48_31,-0.16314664294781023,0.4534748968669611,-0.1422799247537767,0.17980282033444722,-0.10207114075029097,-0.10462587574087427,0.0665563954269399,-0.2863610168912151,-0.02224777576360353,-0.04141618844966224,-0.03924763579203616,-0.13950147046928243,-0.03837687486617675,0.017970482367330554,-0.12620697631106,0.12765803688395913,-0.06703627206846688,0.07919838929126816,0.02526679222014508,-0.0019475593101332457,-0.06767746784156768,0.007618756278571236,0.08370235716982612,-0.028180777970676158,-0.055972634660127335,0.02878421997024247,-0.06260772644244286,0.06316451724883439,0.19574033689077724,-0.09028119172006628,0.015537586776392855,-0.07274870708767477
q48_32,0.07463584826617203,0.11126377922411304,-0.15950358662665678,-0.044261327038476544,0.2561413664794413,-0.033066189126555075,0.07128530106609136,-0.10981595993495451,0.12840655852813007,-0.15721854439542723,-0.37324574031246466,-0.2419488450802305,-0.030798985373180102,-0.1477000567126218,-0.02805276617704892,0.10141596370992785,0.0010078422547479871,-0.15215606717655625,0.18929702612079724,0.06479003051229808,-0.17899374577740262,-0.047980746240509436,0.13142295326909778,0.2731813808804225,0.13518849700152683,-0.018090333807912078,0.026493504351389845,-0.05494696008004522,0.060479982234612685,-0.003481895756751744,0.10569299392437277,-0.01058682610842565
q48_33,-0.20858662740052428,0.2709635113539355,0.0015831795346491703,0.10909698980565927,0.13677437468515002,-0.05409092607190592,0.0665415619073221,-0.037820705279486284,0.07919706773700368,-0.1730840384688739,-0.24159716544325324,-0.1403297893703397,-0.09146133250000085,-0.0020409145854199157,-0.026670777807042197,0.03997427525141735,0.08026331780834829,-0.06551342371595302,-0.027511104751455306,-0.08668974778794736,-0.25880261338952776,-0.18984560700631883,0.14182506299924974,0.2031852604856764,0.024613954953526036,-0.10114020450099166,0.04174543719013124,0.043001679083184044,0.09200076247312818,-0.06873510771858472,-0.013685682727113261,-0.292880036740705
q48_34,-0.563482310845753,0.12280601781480475,0.3069316527216164,0.11717610537181182,-0.15303056655503414,0.011824347234678652,-0.028163947687160646,-0.12695040401752775,0.0667797075198083,-0.02867308939357852,-0.11295196867314376,-0.13102647274558898,0.08271890041813401,-0.19330198539069443,0.05678375729929608,0.13655672533300245,0.06247396872302665,0.0028799685597972833,-0.026600899931722925,0.24469552432095154,0.15198857680023586,-0.03513366869932288,-0.02400940554504524,0.043401963380889225,-0.0542004704175391,-0.140504438571507,0.005277360319993024,0.03856903440976808,-0.03600080329063804,-0.06220676840833216,-0.03616688169987447,0.033939884398406096
q48_35,-0.4061603848496662,0.30407462055789575,0.16590372075935877,0.051523964894050304,-0.18492831222829792,-0.006404819182363142,0.023128095318362494,-0.2121800974389795,0.012359658125893519,-0.04844330908369084,-0.15099505696211082,-0.07057540105318287,-0.0006661862902081387,-0.14643995783503352,0.05591758182593812,0.1447501213519025,0.06773521114372491,-0.044593916888389463,-0.04478950371038969,0.17951315926832614,0.12917586294790429,0.03991112828764931,-0.005725924579988846,0.1011864276185514,-0.008053176931720071,-0.11104184701708725,-0.048930361604477175,0.027110870298142013,-0.01805830832391591,-0.10976091947975147,-0.014558787469386556,0.02870454605312273
