,0,1
0,0.005870046361660132,0.012531056894285842
1,0.0008756760158452374,0.004032818428130392
2,0.029711248425370693,0.013745692399347895
3,0.03397082409094309,-0.003617517588200006
4,-0.01347427122838732,0.025269681810810327
5,-0.014242354950764003,0.03372318562268383
6,-0.0005439886147708313,0.030530761670612454
7,0.03854939263127269,0.01970907735297922
8,-0.02296741900499698,0.011225695047745851
9,0.017267830684424574,0.007905424726068281
10,0.02033674077459884,-0.03062823559624843
11,-0.007284452194168408,0.029352534878945576
12,-0.005643824963360473,0.005112633410969786
13,-0.01075347636457389,0.021946589488844433
14,0.035244937739851885,-0.0001072148110563715
15,0.0114270359670228,-0.009994122344417749
16,-0.029643258685918418,-0.004107518822069186
17,-0.025619670930965625,0.017495272667411323
18,0.003496592398434124,-0.017052876077817605
19,0.008510932381533162,-0.0015428995548301943
20,-0.01959402494345654,-0.005793578529821563
21,0.017815407070019995,0.01885505575305103
22,0.013676908368631386,-0.005575085924065571
23,-0.004725675306725776,0.02931609551477747
24,0.028701610874419862,-0.02266192329092394
25,0.03386155085590856,-0.035240958533893266
26,0.006757705147263766,0.01156017537094591
27,-0.0121059559958158,0.00610986878207871
28,0.037141156897118104,0.0058264568569627515
29,-0.02121875188044701,-0.004126707153549823
30,-0.013948381993664136,0.03940985537115889
31,-0.02051272265105956,-0.016375214849605996
32,0.0302844863640618,0.0015238145943983563
33,-0.019123147499280842,-0.009623446840854876
34,-0.002153801167073588,-0.00021015321372781583
35,0.025432429723038996,0.02561160332262957
36,-0.060007820086734186,-0.025795667785040048
37,0.04016222020817112,0.008791252909239173
38,0.011508162143621508,-0.017899321014035102
39,-0.02677590340800993,0.0034446156846012457
40,0.02032880606672582,-0.011476431444586033
41,0.04773657988025178,-0.008899575333049114
42,0.009091970283577293,0.027540824561180923
43,-0.023433429054726302,-0.02513570904321617
44,0.015565983943127994,0.004436697956032136
45,3.2685188548334284e-05,0.0035229859753565978
46,-0.0032172879331820513,0.041155523668327906
47,-0.0041917201233175935,0.006951422547532297
48,0.00333011934775983,0.03737531756752792
49,-0.018500299061406496,-0.0339524605116927
50,-0.005163145608141387,-0.0031412625454723822
51,0.05267347535808907,-0.02626802955568111
52,-0.02848658684324386,0.01041295741660162
53,0.004120914505220791,-0.0358816572428339
54,0.03277761001730215,-0.009692416076267737
55,0.002842627493802418,-0.02370076691495886
56,-0.019151269788383378,-0.025058957851886346
57,-0.02135201939103973,0.0138500977524538
58,-0.0012303563023203078,-0.012531520878433884
59,-0.008912137130928277,0.0016412681547633373
60,-0.016073724828818362,-0.009969165494784812
61,-0.006864059229921965,0.007674332124882286
62,0.011564709809896167,0.021256484989732455
63,-0.005372514223076163,-0.0020812580691249873
64,0.014237415994616184,0.01561828849138445
65,0.004769874918854773,0.019258518259619575
66,0.012678562060383494,-0.022568252422312286
67,0.02516438750682688,-0.01895199500784593
68,0.0187533006229348,-0.006362061039612809
69,0.032160706741454145,-0.030685933828795763
70,0.021116394460379686,-0.015495221714765703
71,-0.0017004692284790168,0.030527592984348567
72,-0.038118307325024296,-0.006948866568332818
73,0.02543123413307077,-0.009405965553192558
74,-0.002766109279816019,0.015851653715927772
75,0.026808718696502455,0.03359554141159402
76,0.004578653713864972,0.035109741183532064
77,0.04252372058850705,0.00451033593983052
78,0.022165635414354325,0.01820618874425469
79,0.022628438424680927,0.007701626809323776
80,-0.009035357411621656,0.051339565688148237
81,0.055330606746406844,-0.013459888021735457
82,0.006451503869999572,-0.0026090672430973028
83,0.0191781289916185,-0.03164116763407703
84,0.003023747701900536,-0.03511954287868575
85,0.005688843118063787,-0.013959976394421895
86,0.003775555623847158,-0.01078438524976022
87,0.01096154833672618,0.010348343327058465
88,-0.01639721682650458,0.004647555873185639
89,-0.011465205799651542,0.029789173414530006
90,-0.01004830863506417,0.01687589194161172
91,0.013706781316105612,0.01828488036117237
92,0.014072376352116769,0.023544517908854944
93,0.045284804617198395,0.016031829856426018
94,-0.0007976193291960625,0.03241456114483312
95,-0.02227639984240676,0.008442322838956812
96,0.03190040107426418,0.011116732236278647
97,0.00571512174514319,0.02366336379353059
98,-0.0004031974645703657,0.031156764791018865
99,-0.008828477808472384,-0.02187264573420511
100,-0.04092050884300804,-0.029279502678701382
101,-0.026307624827880793,0.014966214583333921
102,-0.0073951862752985684,-0.05541895882876345
103,-0.022281533359773408,-0.012307258919605902
104,0.036700179585470345,-0.031092899740913598
105,0.000924274136575338,0.0030278379549688195
106,-0.011593905586145363,0.017182430227859816
107,0.025050306440730575,-0.044257570731257675
108,0.03153100617494335,-0.008202690873846808
109,0.0015970812171096404,0.03931953954228935
110,0.030643703597382634,-0.008563136530395766
111,-0.0025117767394737607,0.006624240914085435
112,0.025832604332599218,0.016874134851295564
113,-0.023942036749518267,0.022240409717058544
114,-0.003101949658871098,-0.015618359329947287
115,-0.04989314397722572,0.01002563757686673
116,-0.004616913280779501,-0.024822497145234677
117,0.04052030303385148,-0.008361231168636124
118,-0.033771633271712315,0.014708733007642659
119,0.011506080524423527,-0.02849622399793867
120,-0.019483003289288477,0.0060937522217604494
121,-0.010958374457951248,0.01199180898490397
122,0.004455116056122759,-0.010229111844809149
123,-0.003451886451512394,0.04498426967006994
124,-0.019928362073959843,0.017960281383370594
125,0.03523661372816279,-0.011942322055694765
126,0.009543374926978872,0.032398750969372746
127,0.025361196525874843,-0.02405835713494762
128,-0.002018799595528847,-0.02900612027473751
129,0.034622692581007176,-0.01327554225090114
130,-0.00045205879645950444,0.0015229172582765544
131,0.025332005346550505,0.014274684674309776
132,-0.014043287184881577,-0.00806321680017174
133,-0.01242094770693164,0.04196626204582535
134,0.02537427524895781,-0.0028410412697120998
135,-0.014458183981105488,0.024563256663269247
136,0.014564692974761536,-0.03353156818771334
137,-0.005841552050724689,-0.031343958228651145
138,0.005735504146122486,-0.009730210995452607
139,0.022053900226534386,-0.048660090525102534
140,0.005018034511640829,-0.011159688225335975
141,0.024565022437419093,0.03726987262434094
142,-0.0013127187802477647,-0.0469417265732939
143,0.02494586958803291,-0.005153018723328832
144,-0.018043385796898213,0.016360361548616514
145,0.019662615254608315,0.021960421413389913
146,-0.03528881682357579,-0.0015879152519301383
147,-0.00032678157040472676,-0.03220723656162404
148,0.013927859865727208,-0.01984882756823986
149,-0.017656250157634536,-0.007562675966007783
150,0.008316814460220099,0.04369102927071348
151,-0.030889784884277544,-0.02693827974019207
152,0.010568323031454984,0.008469755466329892
153,-0.06039231101683344,-0.010242857528186584
154,-0.027151024941023744,-0.01509293054350373
155,-0.003414865875312021,-0.025609683416004742
156,0.011750502380704273,-0.026514563395556683
157,0.004483437360816111,0.023515697082679175
158,-0.004539082549437909,0.009538264842733155
159,-0.03186240821764836,0.005568161833955304
160,0.022483556230228373,0.025192285616536764
161,0.026452975611661614,0.0017316528622888193
162,-0.015159204005950383,-0.02789122967964931
163,-0.03552895012554506,-0.011663492340830837
164,-0.01701167897100972,-0.005726819119946957
165,0.023537457487904003,-0.00324778439677805
166,-0.02051316629153044,-0.02177307119926866
167,-0.016406540630317393,0.02690932236824591
168,-0.006613807553742764,0.02041751801147293
169,-0.0442534170816364,-0.007597517684119735
170,0.014062266632755149,0.027571013300433947
171,0.010203762422912818,0.01610124681554699
172,0.032475136218313466,0.018379030694435722
173,0.012580113757949925,0.01598181992699461
174,0.025959037681812847,0.003014537125768441
175,0.0034219346106728545,-0.0036203129231061615
176,-0.020673143809369323,0.008392470983027365
177,0.030153069996568593,-0.002595907337627853
178,0.0055344329298527145,-0.02690161451476787
179,-0.021068451689169824,0.016040898732777857
180,-0.013550999484786906,0.01786045460388998
181,0.004434362845520903,0.00674839648298018
182,0.011439603605961607,0.009456105167257445
183,0.007183840134036807,-0.04772610363673633
184,0.007202612842373484,0.026556606828991473
185,-0.0032085006924901125,-0.009036329871568405
186,-0.039368297113963335,-0.007864444766147114
187,-0.014280565075383148,-0.0049313463171682765
188,-0.004542271216095936,-0.03452371282666972
189,-0.0029121297360013695,-0.04424187132519837
190,0.006238693351722602,-0.020492491413123735
191,0.010337082715476443,-0.040219669059859055
192,-0.03433909968249961,0.007526283348362465
193,0.00967944844660035,-0.011417165024412344
194,-0.012750773420384328,0.026845028254596913
195,-0.045344854932226994,-0.009140274057968441
196,0.03501868037024475,0.009191267276886472
197,-0.029890015555652676,-0.006655030616667193
198,-0.023879754332079187,-0.0038833328467093734
199,-0.015067085871388624,-0.007000100813910914
200,0.02057895453380234,0.02732480292373115
201,-0.02411970807364284,0.042175225461056245
202,-0.03237696248953728,0.0011738176337177345
203,-0.04032004645404394,0.008705920157208955
204,0.029395060344696994,-0.023679926596755916
205,-0.02982043205679588,-0.001681205697479859
206,-0.0034816047758270754,0.013152541466242309
207,-0.027841558942331635,0.01704973516795009
208,0.012911917030126473,-0.03531730432454529
209,0.009344261129164116,-0.009592766287429551
210,0.016208425086165844,-0.00413486476682924
211,0.013128122921999002,-0.028533650711926824
212,0.01332729906983601,-0.014763171717833215
213,-0.04153624618145141,-7.31323019978671e-05
214,-0.031376767098305815,-0.008634319479627025
215,-0.015085165115613551,0.03118158358824524
216,-0.0004709755796832263,-0.025117745765454
217,0.0164343357843047,-0.009650960733791913
218,0.013714970876600322,0.013400748098670544
219,0.031909794892966255,-0.01837811443427633
220,-0.006383173873099679,-0.030046341270031172
221,-0.02037299335867206,0.0077197345702331565
222,-0.0031431932362092707,-0.025028241425199674
223,0.0077571313580013295,0.024151383249828465
224,0.02797934496214074,-0.025113217450899738
225,-0.0333186335983715,-0.02458281469380177
226,-0.03591182889040075,-0.02850012671506294
227,-0.023694480972977824,-5.511485595345887e-05
228,-0.004785327443752193,0.005715005217460247
229,0.05116999397742267,0.017861894619975265
230,0.00984023031422171,0.0008730089823635346
231,0.034187452245155237,0.008418423777130453
232,0.028420947351422574,0.0014088167067797211
233,-0.01686342181010163,-0.011187946985829743
234,-0.013375486141383024,0.005965359537707118
235,0.0018620874008871955,0.04701437782519008
236,0.031636612510092726,-0.021055115827798333
237,-0.013825618717205933,0.030703022579690174
238,-0.012033877988939306,0.006562833895613975
239,0.009889087058716224,-0.018744212600156893
240,-0.015637585795553754,0.022768789137473676
241,0.0006751226131890131,-0.0032686331588590144
242,0.0032259852622592566,0.020873301861407123
243,-0.03792851288495175,-0.004841016838622383
244,-0.022947532999417118,0.014998856555248382
245,-0.00862289755924603,0.0031554307633398153
246,-0.01689847787625934,-0.008807854855219267
247,0.00022931920164206897,0.008474850486186049
248,0.007911661180421513,0.04681981792113171
249,0.00448804478718312,0.004464841841584362
250,0.023572605572809584,-0.05392328349438714
251,-0.013543269058044378,0.026438229930871596
252,-0.005121448630792254,-0.04058881109949583
253,-0.021962452333174162,-0.041923545445272714
254,-0.04810953547539257,-0.012938034049185927
255,0.011143368997360554,-0.014296891986322927
256,8.116390413480806e-05,0.019304417311754855
257,0.023107097682509445,0.0037258068716000824
258,-0.017067546777729353,0.016157425352206663
259,-0.009104931957028144,0.005215075118421818
260,-0.007071026954698699,-0.0323641684639047
261,0.03454928234076439,-0.013197591901834178
262,0.0028057643935761136,-0.015063129357655539
263,0.004417221355004892,-0.05033139190206287
264,0.003184139828681286,0.024722775195832148
265,-0.00583618471446361,0.03136492686310243
266,0.025947864677695543,-0.031544230337937795
267,-0.01975421879109661,0.01299966861865708
268,-0.021933326328404577,0.0010251716654090357
269,0.000590737921654811,-0.006723123441068005
270,0.0047483828765327194,0.04699137327671489
271,0.00571568027986371,-0.00796019331245436
272,-0.014298585957142155,0.00389598052249191
273,0.0407408358948655,-0.0010148239465541636
274,-0.007864093235670874,0.003263100205064747
275,0.01729111624326178,-0.006401988042079656
276,-0.01753328176158193,0.01521149572249628
277,-0.010534920932363719,6.0296087615140424e-05
278,0.004286830775954796,-0.0048242780775179205
279,-0.007625434554400231,0.006917754066415591
280,-0.007856262715268209,0.026796867724510162
281,0.011602364072612587,-0.017417774668473385
282,0.004934064207248545,-0.04024576346980821
283,0.019108480405705126,0.0340514053344447
284,-0.015101665348739846,0.011366023644915759
285,0.0006585278699854156,-0.0036372775158870414
286,-0.02250924788517369,-0.03761093230955616
287,-0.03721694302185435,0.013056888270430419
288,-0.032902106119366115,0.021264445513030337
289,-0.018600748213310384,0.013012685016457057
290,-0.015791674262941764,-0.004907242509686426
291,-0.033767324106399606,-0.026632229617353457
292,-0.008807889432730077,0.033457617033701946
293,-0.031816446631693224,-0.04746360108111898
294,0.001546705492259143,-0.0017867116108435139
295,0.011105813023590299,0.02158846611674007
296,-0.001626734074016498,-0.03897686949378525
297,-0.009185497188626952,-0.02143353772428432
298,0.0035883101541875724,0.024852131875450854
299,-0.024574490122830025,-0.002594431865438287
300,0.003013035786507615,-0.048269257142681425
301,-0.00448326222422805,0.028591158278642288
302,-0.009949223661256848,0.027091645944433147
303,0.015334008031771127,-0.05155983437232807
304,0.0036411615422751297,-0.02231334868567173
305,0.024191731483956657,-0.017220829167423648
306,0.025706624692684327,-0.00033050324733693344
307,-0.002853873886264947,-0.009553241025254868
308,-0.018617366009161612,0.003320827594210597
309,0.00032940087350138785,-0.014809972239019089
310,-0.03453410849788712,-0.015661895235441942
311,-0.021563020320679645,-0.007474273666379926
312,-0.019759981979958936,-0.006524890880678275
313,-0.03536371238608173,0.005935435853593251
314,-0.029937026325761843,-0.036332351872749136
315,-0.014850235544218191,0.04419977351043485
316,-0.018361592772707772,-0.007379532332867842
317,-0.0443922184978013,-0.002391803270907923
318,-0.020918937357698175,0.0034091308044534104
319,-0.018999314237197622,0.033192121148589465
320,-0.017739596653197923,-0.01499174420504468
321,-0.02093335935132883,-0.02316552268433213
322,-0.008115347403034795,-0.00039713791958178343
323,-0.005846893669452747,-0.02471188109914959
324,0.005953626095941349,-0.035160337543744986
325,-0.00413847365996487,-0.0020288018859019197
326,0.0013544799500251694,0.029984164375326066
327,-0.002183987297222075,0.02539330733095451
328,0.014959104785786513,-0.054639329074948326
329,0.00899502031963303,0.010235664542081838
330,-0.01952489606527916,0.016075914952429587
331,0.00988576887000949,-0.022492338669585908
332,-0.0036693275126178865,0.00784641390299801
333,-0.01838499902598945,-0.020654447396270252
334,0.02221932253887848,0.02200620130475612
335,-0.020150478566923685,-0.002835824938659623
336,-0.016790966155304683,-0.011930870802931585
337,0.02851209812219813,-0.060447397266741865
338,-0.011428932732955506,0.04287340580675115
339,-0.030625003472232126,-0.01534178148669644
340,-0.027715207958451293,0.012021325066283145
341,-0.018481957154563883,-0.03554410816655773
342,-0.015280727248157542,-0.004499795511260933
343,0.03831878198822488,-0.035703243606384535
344,-0.005958363963792947,-0.007886876917132543
345,0.001711014016776225,0.010361756325267986
346,0.0281017877436007,-0.008149633256353338
347,-0.013602762465393752,-0.007140738004833325
348,-0.004401520229623035,-0.022250662401255523
349,0.0048183148964236,0.023137583036798436
350,0.022702360928650966,0.0006831774710260587
351,-0.022318797888269855,-0.01071358477401535
352,0.017866766468239245,0.005272802241443426
353,-0.013450222611934475,-0.03413220421036834
354,0.01223199990831387,-0.0058455698783298655
355,-0.01711637755864719,-0.010256481200350696
356,0.015135336490048454,-0.015096281366655428
357,0.027836199820629213,-0.01761726021948001
358,0.004539042226132644,0.03331607836628122
359,-0.018863060390932156,0.02049892809992204
360,0.022857558953011396,-0.02991492237127752
361,-0.002722877731981351,0.016608574173056424
362,0.029152526617729463,-0.011336918873354074
363,-0.011864256185819955,-0.010220830454945994
364,0.0006615120272980418,-0.026352266556895963
365,0.0012255244192507704,-0.005797961997199668
366,-0.048831459198947366,-0.016354920164269215
367,-0.03271125704980176,-0.020207501707825315
368,0.0005940729839914559,0.024455378280587067
369,-0.030737688604808553,0.032148568963190974
370,-0.018482517561605873,0.044423964214740944
371,0.024275045010524424,0.0052128099500210355
372,0.00757618008555406,-0.050544945823844147
373,-0.018482967784712135,-0.023133364139549903
374,-0.013633318566376153,0.0022847690329309066
375,0.03792891622840837,-0.00515020661832676
376,-0.034927495569552144,0.02345880555417781
377,0.006271966014665787,0.029843098583117584
378,0.020321983752963516,0.01877641777587202
379,0.03522995938691342,-0.00763737245716821
380,-0.0024566457341239187,0.021049144608642278
381,-0.0170234025939847,-0.006783503075831877
382,-0.011969296415662063,-0.013180778703487939
383,0.026363288302829024,-0.01709415393610149
384,0.0011801711107592002,-0.023845653845054236
385,-0.001106925285807888,-0.02351028569067234
386,-0.006151105120074026,-0.015079157870045429
387,-0.03209417810012631,-0.002159687154071733
388,-0.02287736640081126,-0.04862135192206123
389,-0.03672286765888832,-0.013561471777234048
390,0.005906872792181602,0.010591703913090512
391,0.0061693384516281514,-0.01592458680471257
392,0.021611079671064657,-0.000505851176026682
393,-0.0194626159521644,0.004157678925023654
394,-0.02731928002838355,0.012223091735198704
395,-0.015115885341985788,0.005006721630852734
396,0.025287358283179708,-0.040410605020499785
397,0.0036074317744018798,-0.04679616191308752
398,-0.0029876373519233932,0.02539695639603575
399,-0.007657262695472108,0.014385760846125764
400,-0.0172138401421207,-0.013880659309570838
401,0.04262424395161441,-0.018804728703514392
402,0.03290211096799218,-0.028508895909352145
403,0.013999282566426035,0.0031879540840284632
404,-0.026750604596470193,-0.020769493003226742
405,-0.04139445741658724,0.029118461305196686
406,0.006916281011850533,0.025897894270855905
407,-0.030381948734373446,-0.009687671735228085
408,0.006457131997248449,0.04379392805541241
409,0.033243832239203165,-0.03926564092882778
410,-0.009819908333263088,-0.013087402579921047
411,0.029945669497287268,-0.009821496623021071
412,-0.007914628789381649,0.022682971867135474
413,-0.000713717793647451,0.015242215446390464
414,-0.02669785154624347,0.037443212222717064
415,-0.01357651332648043,-0.011183672129407757
416,-0.023397975174746493,-0.031697717364693685
417,-0.03202232982257673,0.0111989125047265
418,0.017188475930320118,0.01205109394215891
419,-0.013291856173314532,-0.03369382402563211
420,-0.02761854891492616,-0.0432353761917703
421,-0.008402092510170883,0.026549526194291292
422,0.016481895181557484,-0.019661309326815698
423,0.05904981789862462,0.015492435838165204
424,-0.014007895594428485,0.03403446529122098
425,0.024817906792169758,-0.05558461799768211
426,-0.0014690960359419595,0.004746744307274795
427,-0.018271640884690448,0.049423829592700544
428,0.0017875338721131545,0.018239533930146226
429,-0.003048627583868416,-0.021805515903693645
430,-0.0023516777720822557,-0.02718227624109732
431,-0.003598021260158462,0.010844323119320222
432,0.005241262686698444,0.000864768448849971
433,0.026472436968630886,-0.03338421114194692
434,0.011175445127653443,-0.016068122522286243
435,0.02611482774284187,0.02635381581866048
436,0.0019505234943075025,0.024073674315070088
437,0.02242303360909302,0.0016560053169355378
438,-0.006768251494615288,-0.03046575996634381
439,-0.012895354740097013,0.033524600561938955
440,-0.022526513941031567,0.0017023916865531931
441,0.019253166163971346,0.014513545124172309
442,0.03194380092677659,0.0008463638294830784
443,0.032897516191821956,-0.0057365407950105965
444,-0.013874709319747141,0.007356907189147238
445,-0.02353371781156675,-0.0159092344812251
446,-0.011367758138646334,-0.01822076759104926
447,0.008421901064562354,0.009514152700085593
448,0.02523478766780538,0.03465639039670375
449,-0.03778347682837074,-0.020591803083917493
450,0.011662159844305678,-0.02157035319887116
451,-0.032631076347632036,-0.028786217145027566
452,0.02222054314316635,0.016886168014315382
453,-0.006809546628460472,-0.02060684589936094
454,0.012706278274744567,-0.019600102019654286
455,-0.001422497003517991,0.019291874703828437
456,0.005402811633040174,-0.029389297500728422
457,0.016313888053604477,0.0020198386887165373
458,-0.02597530899847214,-0.03937308858587929
459,0.03932405989677155,-0.009551379090491592
460,0.005274690796979747,0.033484343573862506
461,-0.012873060718134247,0.013834746326669176
462,-0.0123368719730173,0.014129099921064411
463,-0.026426322170186048,-0.01000426428834627
464,-0.015701823982423733,0.03852403211174163
465,0.015076113674519337,-0.02333835886134374
466,0.02310599870412716,0.046527539504141985
467,-0.014830398895650874,-0.05339816410569892
468,0.03738737240987679,-0.028672099643404184
469,0.015983691587397025,0.013612854188483844
470,-0.028989995975671336,-0.011625274490394147
471,0.002135929547904544,0.026169415631909016
472,-0.009595993991583517,-0.05043774991839775
473,0.028209498108463706,0.002557371574281899
474,0.01619062234952985,-0.0012583032068856014
475,0.0027239459792537625,-0.004421790157252019
476,-0.04579529969291379,-0.0022403851144730496
477,-0.009730974760389867,-0.039737374716398835
478,0.01998914197742332,-0.01229911358453383
479,0.02646899251798735,-0.02696319205690647
480,0.016038420568227206,0.021420011588292258
481,-0.040898738496849545,-0.023571039543081512
482,0.016462104071808467,-0.014403677442402254
483,0.042345612917793686,0.021880109687727505
484,-0.023002505715371782,0.027379134974137024
485,-0.020330360853219133,-0.04831023194977719
486,0.035236319329630256,0.015125120465832665
487,0.004838176850150946,0.010873429319863783
488,0.022579450972517807,-0.021433101047622076
489,-0.022668844390908233,-0.04349634627697601
490,-0.021156945058813242,0.012978941195058958
491,0.02748115466499321,-0.018212214238705404
492,0.03046467804136495,0.020211554663405174
493,-0.0048275812198586825,-0.008200873376624972
494,-0.038526731297323646,-0.01820849076458265
495,-0.02947929400414421,-0.022571426785968792
496,0.011971920956673043,0.0171692955007978
497,-0.019699649337153104,0.05076003249514415
498,-0.009640206845265845,0.03677595810451886
499,0.03252746070910418,0.0035114256206197755
500,0.018114918571402756,0.029214485988619636
501,-0.012223811278190926,-0.002694908094006284
502,-0.013802388880274272,-0.007947396924323507
503,0.008071347979486616,0.015864071546915305
504,-0.0013270988868323912,0.013016317882000162
505,0.02293647060878951,-0.007431217629563207
506,0.026172757737070607,0.01679694853073685
507,0.002430821712167579,-0.0011749660548232472
508,0.003109945013214491,-0.012681348727832435
509,0.012522771637127924,0.02622965179617405
510,-0.011122450045082104,0.01731059211643181
511,-0.03953935956721568,-0.01757372381967281
512,0.01884001926768492,-0.03073911841336259
513,0.0025332597588191646,0.010235602746600453
514,-0.013688190401388464,-0.0337416688746416
515,-0.020181646650138184,-0.0059659515402592685
516,0.026312523889315875,-0.014043754017985806
517,0.0013058297743615784,0.007018712627135008
518,-0.039103844854654526,-0.010269025798906484
519,0.03493353230373505,0.0011973381335865316
520,0.0155461736296629,0.021185461100368112
521,0.012347241570478675,0.009584333946845436
522,0.0191687144921442,-0.03497307774006979
523,0.029089400704440698,-0.02525858418583496
524,0.005223795014140449,0.019595222135773104
525,-0.008054999014101085,-0.0268501861338222
526,0.015998339559303836,-0.04648050303098617
527,-0.0024810500487077855,-0.029524815901768604
528,-0.019896218600569608,-0.027061688678997328
529,-0.03038094313724296,-0.005636228995765762
530,-0.000515800158105808,0.01478383760587432
531,0.03783313858919162,-0.006643503161755898
532,-0.010758296079607023,-0.01402546473153098
533,0.02212960243146046,-0.01263115151292457
534,-0.004219265014353906,-0.005982027350889359
535,-0.015761929001470065,-0.025937036388741282
536,0.0036355315164700377,0.007610806050251185
537,-0.035323560715301384,-5.949301566605238e-05
538,-0.0019378339753682086,-0.0016984940455041916
539,0.007050301944056948,-0.07209521834637006
540,-0.007463264138521171,-0.005715999858023698
541,-0.01839436428558122,-0.002681591603483484
542,-0.010979645428162762,-0.00656334352163915
543,-0.014673584118541468,-0.031154162707770883
544,-0.048190749267667345,-0.030976446978352924
545,-0.031950091960021305,0.01032346760931772
546,0.032601918158441594,-0.04635744216347885
547,-0.007177185765618317,0.039567272457119836
548,0.022204619797002622,-0.03532189265394025
549,0.01712038858940758,-0.027048984452725456
550,0.0038214118992827696,0.029159295561004717
551,-0.017034066566754862,-0.013850090575263565
552,-0.032606472878128664,-0.015967355107718472
553,0.03696039800270196,-0.009234015972084168
554,-0.016771801616097908,0.005021455595449736
555,-0.015171988501383366,-0.023046846867839223
556,-0.02531348025346717,0.020927600568945645
557,0.01296146307188698,0.004662434295309055
558,-0.008635466252936482,0.01916737733993673
559,0.05761601158498195,-7.359428521597946e-05
560,-0.025249608990552414,-0.006476706674442944
561,0.025833155792536658,-0.04393660112211284
562,0.028629159793799375,0.01752190878604667
563,0.02151610796176725,-0.034095476902982536
564,-0.024974641243034224,-0.010447441251028158
565,0.00899286654845951,0.006009077702011569
566,-0.009046115374725484,-0.0030842389448514965
567,0.027301476347331842,0.027590799653285425
568,-0.01707302476601365,-0.021915682885361155
569,0.03446872271511933,0.003487302812052561
570,-0.013450290242893072,-0.01901180443754569
571,-0.006537830727628856,0.029357968380459374
572,-0.002511842482056343,-0.007963339205674626
573,-0.00017277286475545452,-0.016326604186574133
574,0.03287975241486506,-0.007860827574126351
575,0.01874022162985301,-0.04191956727098861
576,-0.0056011177408105154,0.019610686471966576
577,-0.02447065941809821,-0.02167190110439722
578,-0.02168047056262641,0.0011979786881764164
579,0.033342888435776596,0.01580369789377829
580,0.024018364516720063,0.0036295310333169964
581,0.057232216257152066,0.011431818307375061
582,-0.01975715688246045,0.007226528073115171
583,0.028279348324817696,-0.02007162262893783
584,0.042100451732602434,0.0035399604620462116
585,0.010224199016700537,-0.0046351724633153435
586,-0.011747739461541626,-0.0006970829297824464
587,-0.01949582188762858,0.002792920863620425
588,-0.013903239116357696,-0.00932656305128565
589,-0.02956920577066221,0.00937040335118017
590,0.04076500996758654,0.01423927726538173
591,-0.02470252870148613,0.011284755799576567
592,-0.005408586184008551,0.0005431184784865539
593,-0.016350587560573476,0.0033627109792741705
594,-0.0041295863827241494,0.009281925625807829
595,0.03721405720248004,-0.008293511060377014
596,-0.007604049077054661,0.01947140483795784
597,0.006639461720296982,0.035389559589905216
598,0.015949806654092534,0.02893146067198307
599,0.01305826252182656,-0.012530744019710407
600,-0.013427546386230999,0.011311294848651371
601,-0.017438251906596917,-0.014013854764767537
602,0.03554682753311766,0.0010188138086355252
603,0.014588077448444087,-0.04865066702912102
604,0.033647479151502256,0.009633719342288582
605,0.029090234035634432,-0.009619243540537559
606,-0.03554759690529888,-0.004159355985991839
607,-0.04705102436934283,-0.0006020794431112414
608,0.00689764403545941,0.011110075632341836
609,-0.03156603229360064,-0.017095967612082142
610,0.011813966794271416,0.020870502365699487
611,0.04122371222331435,-0.037131699830767424
612,0.01914873378742343,-0.002129377490581375
613,0.004557101225023361,-0.024301384246070704
614,-0.02265511585156607,-0.015112340145328758
615,0.03395985503860764,0.019197719899615412
616,0.018492979517477384,-0.029004397686378493
617,-0.04472780504518555,-0.017092733946641618
618,0.020406741407624465,0.020831082054298383
619,-0.013388994742347572,-0.02990799843708106
620,0.013978965206757904,-0.029032354055682795
621,0.012135611411809648,0.019695695512220987
622,0.003168959627231593,0.0020513845338282315
623,-0.019637893214063687,0.02693010656733726
624,-0.02870869032707666,-0.03156268656714602
625,-0.015125958304271688,0.003947947731268736
626,-0.028093074027685332,-0.0032206224263323976
627,0.03853657916840816,0.02921200344171208
628,0.000780389955419167,0.01613202875806006
629,-0.0316508477222854,0.02185758563685191
630,0.030457235024735824,-0.03487391530125197
631,-0.0016796205946088762,0.0462597109714409
632,0.03171716659640014,0.032684235995231896
633,0.01582020766933421,0.024502035360851174
634,-0.017607821726244758,0.035820730352254124
635,0.025319687607598798,0.009924432202439746
636,-0.016413410255335308,0.025769469283585762
637,0.0032998139765110946,0.044263448343332276
638,0.01442601792968924,-0.03498666141025563
639,0.03418110454090819,-0.0024944721417239895
640,-0.027926425046572997,-0.007177593426163728
641,-0.0008241663145867792,0.04506612887381002
642,0.022522715436192893,-0.015942516830521173
643,-0.036387937321590375,-0.002521046975458092
644,0.005948872984645651,0.015381013419789922
645,0.028962313721961373,0.019965512146623107
646,-0.0018164004285009892,0.00707657096678389
647,0.03943362088841318,-0.002703260545315036
648,2.9766456990365874e-05,0.028410450398113154
649,-0.008102698859276794,0.01765647946415011
650,-0.015202204091263,-0.0021865806603552367
651,0.019467368349900354,-0.0581497862978503
652,-0.00953922759440762,-0.00911420069900059
653,0.02577470477932196,-0.025433957801812932
654,0.0031694250000289,-0.010164203868694587
655,-0.0006309942395772706,-0.0024464717080996522
656,0.01695660953255117,-0.02050813702303585
657,0.0013522073104761283,0.0279804878341095
658,0.03390847562709278,0.018034978042412594
659,-0.016464901756241383,0.007878218933463396
660,0.042490870322627265,0.0005255300486171029
661,0.0076345574400900505,-0.028815187773262762
662,0.0042462840999147175,-0.028138957363215263
663,0.01921802209848381,-0.01937550041203981
664,0.018494220118473,0.04304929788158597
665,0.024649336060581114,-0.03348091059389401
666,0.017982764833139302,-0.020226588163195676
667,0.040509291752772,0.00014273459944350687
668,-0.004096745621966094,-0.0019328071752622881
669,-0.021033993989785862,0.02384078190330413
670,-0.0062017413823139,0.013796668096494435
671,-0.003034089201749304,-0.010013907370095831
672,0.05788792295886791,0.006277045373794587
673,-0.039065708032289724,0.003745112059372401
674,-0.018984005001594854,-0.0014002899917327592
675,-0.02227857814513971,0.01405972863699641
676,-0.004129995945627463,0.014514130061712077
677,0.010953444360273982,-0.008561837373778095
678,0.00925551405599644,-0.0033827550731476467
679,0.03237078232065835,0.002608383255381956
680,-0.015163858993895333,-0.007605219256529019
681,-0.0555477778879414,-0.007004362632258578
682,0.00807928009795474,0.039314927793497025
683,0.027792995613568742,0.0009980585678746963
684,0.02969943632918784,-0.004099082209237111
685,-0.016108027324802387,0.011376739489414527
686,0.04600330298914012,0.023135426262184063
687,0.04219417121903507,0.00439160493476415
688,-0.015496159482314625,-0.012256966740877367
689,-0.00017188502984948214,0.00041667295532395014
690,-0.00942670380518502,0.013373227414106006
691,-0.019955297137839494,0.010557929080504142
692,-0.012165296027826476,-0.009829385696131775
693,-0.008729360350239645,0.016598517362313686
694,-0.047341272944375574,0.011350036624991277
695,0.0327028797008607,-0.035984311156169846
696,0.03917645767147481,0.03502583409599447
697,-0.0453324273358197,-0.030585343057289837
698,0.05588068054214133,0.01783725543574911
699,0.008969943552407326,0.019549930772094434
700,-0.039556684505595796,-0.01715844407858747
701,0.016461846101843418,0.024278067927928297
702,-0.029881592258929817,0.009859836358556117
703,-0.03077477589479586,0.0035249906937582015
704,-0.017453714810190854,0.014844559824861226
705,-0.010232811654983102,0.0360138658892412
706,0.02699710364642105,-0.0002040957115426233
707,-0.032612815155586755,0.0031455903486044346
708,-0.03674485598368888,-0.03689594849828016
709,0.022729106089061812,0.006957382945867716
710,0.03888283068925244,-0.016363023772247888
711,0.027176208366791545,-0.00598719641009512
712,-5.021075697519493e-05,-0.022589604828078154
713,0.019340739380995706,-0.0275762099908601
714,0.019951711625029147,0.023936121957302815
715,0.03383192427715859,0.03598186484651213
716,-0.008827302131974656,0.008202309273775204
717,0.0002407392471238159,-0.012917143221130715
718,0.003844947216854854,-0.005329938273784837
719,0.007530410263580797,0.037042789603534035
720,-0.02877046033760685,-0.03918094541914427
721,0.015890787597069526,-0.006464188003596518
722,0.026233879959339,0.004318734756401689
723,0.03952309906125676,0.007593854665256654
724,0.0071391600685333,0.012807919749766103
725,-0.015067290810097386,-0.006712218824514932
726,-0.019540395151744525,-0.05056639858386822
727,0.03909893362182615,0.018126435251158465
728,0.022258760698126247,0.027849221075022666
729,-0.017140891702772144,-0.012758524578788946
730,0.009115571797623219,-0.004742914951298714
731,0.0020012067883910366,0.0026008071091981346
732,-0.03757346765512182,0.006598282143823647
733,0.033668182430649896,-0.00040373106202083763
734,0.0021243426011203913,0.018188212158368057
735,0.009328148898139575,0.006870357928463345
736,0.007924440437499018,0.022461773324624283
737,-0.03121789057685304,-0.014914927671867717
738,0.02017469763222231,-0.007362712463020848
739,0.004539986014008403,0.01951446921681592
740,-0.003959651625115697,0.015246405169513862
741,-0.0038553659522569755,-0.01996314174901967
742,0.04336951074132182,-0.005700400846770322
743,0.004920802509622547,-0.0057424386221693255
744,0.022738475588876775,0.007671128678748787
745,0.029920826227302147,0.00576846477141581
746,0.018259638805820863,-0.0260375204686907
747,-0.0018191112307320155,0.02951469098803602
748,-0.04965672268766372,-0.019561512974647425
749,0.008462764269143974,0.00478227527257804
750,0.026030800707724382,-0.009998191820845168
751,-0.01160187883347253,0.02934517995552408
752,-0.03736772409808173,0.012008047304253078
753,0.00920090630982291,0.017615838224419682
754,-0.001848488933085372,0.01712837029468505
755,0.01372825475376981,-0.010092601884940166
756,0.01419017887303755,0.027720053036695294
757,0.0021478656690362362,-0.04452262260897042
758,-0.020261366862479785,0.04072120287110878
759,0.0072609252733703685,-0.03184801079803772
760,0.03445568084641968,0.01902936820650386
761,-0.039797350961808496,-0.03170337445989082
762,-0.004254720994183963,0.033942697582832346
763,-0.015409211031071618,-0.002628659836361218
764,0.017234833772243652,0.031944485943653206
765,-0.024849666562408463,-0.019458942690062427
766,-0.010744364181429558,-0.008817930655210056
767,0.04395500951570496,0.026099985465197456
768,-0.006275374344000229,-0.02917137639623546
769,-0.05995104324054344,-0.006530434694787674
770,-0.03312083094042961,-0.02641300617842222
771,-0.019067175921551337,-0.02578500786886559
772,-0.0011292439876241646,0.010859606040679747
773,-0.0029694043712399096,-0.03533750862333595
774,0.029557029910555553,0.0071297922950691196
775,0.04893275862455059,-0.012656333599815252
776,0.023542213473539998,-0.002500382172342744
777,0.03206395721113459,0.02385326278739308
778,-0.016858703658210773,-0.011347232465326438
779,0.004326471060608311,-0.01858221923619867
780,-0.035631432469982106,-0.0211486749201382
781,0.02780235305892606,-0.006091098622440594
782,0.01252240026182067,-0.0007941523955414821
783,0.037664309233939756,-0.012582152116187352
784,-0.011748216159208427,0.008953009413711523
785,0.009210037246975757,-0.0032902653337925176
786,0.00988122567183194,-0.031228054870010596
787,0.008806455919534844,0.0064312630380425366
788,-0.022826325597194483,0.03444191702830706
789,0.013274374439534713,0.00024983256634040693
790,0.00455866454498481,0.034307650820674794
791,-0.01224174571571933,0.012383437153006565
792,0.02306296338325412,0.056795361026206755
793,0.022292965805146114,0.0025014170432038994
794,-0.017851912091617222,-0.03766590406120247
795,0.0011721777112694769,-0.02706948945434973
796,-0.0029126377563338944,-0.01962872147030807
797,0.015422011025529682,-0.009624839152155621
798,0.015432248857618396,0.028899255143117825
799,-0.030132357974288388,-0.029843423332853385
800,0.005958098530341537,0.01993004096187603
801,0.01406273917044001,-0.01614958493220226
802,0.010057449184069442,-0.00027964428314949783
803,0.01799321654745681,-0.0024919417401673754
804,-0.0331205270332374,-0.035042904165888504
805,0.0139315245443895,-0.00824673319767712
806,-0.001655999110572158,-0.023475158669211633
807,0.02908588062319401,0.014916240964069414
808,0.003605423175791784,0.016740518043084678
809,-0.020521114035770442,0.02367516308786829
810,0.0013963234681123049,0.03541606282996042
811,-0.004996756532725481,0.009146165813770419
812,-0.0037753904228928505,-0.008693597830287385
813,0.011129599878059145,0.028330545576442153
814,-0.0560579507193348,-0.027020228459787937
815,0.0020749506861292713,-0.009815756319496497
816,-0.0009028981868087759,-0.028580823148853067
817,-0.005105466000742709,-0.02858322293513758
818,-0.03301100831490477,0.0028569425677187365
819,0.0024613445259290614,-0.025740082265832586
820,-0.012733664846592422,0.01700491477325059
821,0.03002834819563168,-0.046381657572138336
822,-0.028414115172130158,0.010876680733651323
823,0.0032457394049069436,0.006279746736027477
824,0.009153691265891788,-0.012694858666923818
825,-0.05412863945947547,-0.0006558333222621944
826,0.020211204741217195,-0.02768324026180215
827,0.005578146581536614,0.003209271511792461
828,0.002985905000408363,0.02615845100179272
829,-0.014258735411573398,0.0036181514675614353
830,0.023036610309297944,-0.016812827148068643
831,-0.03242062876969993,0.015622173790391308
832,0.03916880902195767,0.00794214440922858
833,-0.023319983297699607,-0.011211789886727478
834,-0.0024304238700965843,0.010087754978295367
835,-0.019083631782759555,-0.011693186453787082
836,-0.03441767866813236,-0.026842231031297046
837,0.016690653475040836,-0.025349414389407656
838,-0.016434698724760218,-0.007677660838264683
839,-0.030259354301257025,-0.011270149093956199
840,0.01910061199792998,-0.03912817883539819
841,0.003288928281952748,0.006275196122383351
842,0.009410822492070038,0.023278622541184697
843,0.0030827675028219695,-0.03235735015654472
844,0.004083041796256089,-0.013929951224686083
845,0.007368050719454667,0.0022790843707199263
846,0.026122705360035945,-0.01290638269760457
847,-0.01668528905061013,0.021167989310061412
848,0.027211368924959064,-0.012069868327383399
849,-0.03472709452602744,-0.03980788448222576
850,0.01961167981372079,-0.045739167197762796
851,-0.028241137261077798,-0.02625988188649832
852,0.0030935776371257464,-0.03861972915446722
853,0.010446257625341184,0.023964296688743333
854,-0.002535439584681952,-0.017035987334187586
855,0.010671332782072815,-0.03347509936112014
856,-0.018009164270138846,-0.01632389292699777
857,-0.015586443855074315,-0.018934523899199092
858,-0.020456577367527366,-0.008682241242325585
859,-0.006334396978590397,-0.010337278846884386
860,0.030838302304518478,-0.05439755524193549
861,0.0225922863612129,-0.04282188034647642
862,-0.006834736591886709,-0.04290620257787613
863,0.011167839064315307,0.024284425023231863
864,0.015501675989294273,-0.018643361770789443
865,-0.012364735997605323,-0.015024234808233793
866,0.0578571087771251,-0.015320124098365445
867,-0.023382201600533337,0.016173796957519446
868,0.009444950942081136,-0.05378456916962257
869,-0.023251970024556336,0.011429711789512092
870,-0.021703504272205774,-0.023893400887055705
871,-0.04020663238594524,0.0021216865666937985
872,-0.007274298576212617,-0.0006169740219595154
873,-0.0025596715994183903,-0.018593461627808464
874,-0.02363404816786974,-0.004119668484393764
875,-0.0446565781368088,-0.027286036685496402
876,0.015704320747240177,-0.004529834575233718
877,0.034664284530294825,-0.02506700174480458
878,-0.023291627501978298,0.007834694451911848
879,-0.01031713315057069,-0.0234275551414008
880,0.013175810419347154,0.01337881598868614
881,-0.019413789835445155,-0.010972525295969262
882,0.0158416797061742,0.0028814366261078954
883,0.03289570600114129,0.0008750879152825831
884,-0.022650966405658685,-0.0066960687089318086
885,0.0014676369143274389,-0.01740138048653761
886,0.040460580819976236,-0.0007551072328204951
887,0.015508067146317278,-0.0040327722064538675
888,0.008020552110376214,-0.009776828593207975
889,0.027317122761413425,-0.013553075659285395
890,-0.04985854446805608,-0.011406657436700647
891,-0.00657339893778759,-0.03816566666404771
892,-0.028418798713433117,-0.011541534983827378
893,0.019714391171065486,-0.023963182991626805
894,-0.021333470813816327,0.0015509735850267226
895,-0.008674053341236864,-0.03189610350510801
896,-0.0009709918406695721,0.006098524419436911
897,0.010337294900341257,0.00765395570185817
898,-0.0009522164117341302,-0.0258621786998325
899,0.05534341392996949,0.012647923270574514
900,0.023099442279760758,-0.006435425726730223
901,0.010505633992567109,-0.010554758981152471
902,0.023128802078833093,-0.014422635713595715
903,-0.00016478283714461893,-0.0019019313072749684
904,-0.03897180788194409,-0.03850135222268983
905,0.0009042764130724389,-0.03184999027117862
906,-0.0139547562916657,-0.030437013114288293
907,-0.020309132500833826,-0.006849996136206037
908,0.049948058929856896,-0.008994931726991185
909,-0.0006561314569369051,-0.013001945149047525
910,0.03339257284571676,0.018799278753517973
911,0.006135243679484069,0.030224015244239396
912,0.03814688538142138,-0.002506652276845676
913,0.04611994752006529,-0.04509961265650712
914,0.01249630337471812,0.004389428514486079
915,-0.019240369533133933,0.009023187813148372
916,0.039037606552834836,-0.0262478362046885
917,-0.043360341618112426,-0.015625925229780326
918,-0.02844939189710968,-0.015110290400731124
919,-0.03809142010931237,-0.018461853127410284
920,-0.025977156230017773,-0.009748651433595632
921,-0.04244896606761461,-0.02041785396177097
922,-0.012578663823991768,0.0032259615861887432
923,-0.000498893909741327,-0.05257877187007782
924,0.005770743959460029,-0.004866441872548187
925,-0.020013224061052628,-0.023922378806934607
926,0.0028110051836983054,0.0062421361413094395
927,0.01896591864950698,-0.0004093684137021818
928,0.02675835100308888,-0.03538601707662374
929,0.020043415227461645,-0.01446648249332152
930,0.015795933088840503,-0.015079515797713371
931,-0.0041561824049968325,-0.04352421635125548
932,0.024322130971252,0.014332631517186818
933,0.031215109879837555,0.004701494056287172
934,0.002782211314544834,0.006453625815214944
935,0.001787245780729383,-0.03475542615123658
936,-0.011351134770602591,0.006698554996545587
937,0.036593686083664805,-0.03698712370860377
938,0.01040773610756215,0.003518434466997247
939,-0.025228808992114164,-0.016303258209145965
940,-0.0029812553782487734,-0.01900194665705618
941,-0.024820389658123037,-0.012001848115946246
942,-0.001290124569242748,-0.024225033327202546
943,0.0022003494603520207,-0.0013347238256219832
944,-0.0029937230300663233,0.02959528194972588
945,0.009065976850507754,-0.010916299716047996
946,0.018311004389045628,-0.029078179427496128
947,-0.004955221911920189,-0.06458258315642106
948,-0.022489460562147495,0.004597972492962528
949,0.0020487471898729594,-0.027487038648725093
950,0.052416295076049994,0.005020416799746696
951,0.005153217729420613,0.005644708281485092
952,-0.01645602142540408,0.0009481117548062869
953,-0.00250658073544236,-0.03429952158064682
954,0.015152728340274608,-0.015909016501219574
955,0.004085250619635859,-0.0473801134603
956,0.030031122935252594,-0.015914798524493085
957,-0.005629246381624238,-0.001340238673737892
958,0.025431820856115353,-0.022445917970839165
959,0.017601123013287805,-0.014522020192669035
960,-0.007009040393679536,-0.04269409946040972
961,-0.04015943150024372,0.014756268279573574
962,-0.036890080559681265,-0.009592213640496169
963,-0.03141779073536801,-0.02137436627509848
964,0.006145754824645052,0.017565127121671503
965,0.026489545402558472,0.0030651796047383843
966,0.03430876793647823,0.0012750275355619483
967,-0.041859654578743945,-0.03005628952853077
968,0.006586925964556595,0.00018057640885558922
969,0.031230662349532957,0.022105444870079222
970,0.02770389406256657,-0.011576362236019962
971,0.013942049918799517,0.02540816380985405
972,0.043703497134155514,-0.025519174133999158
973,-0.018241882049080543,-0.017920461741381503
974,0.04544548539875743,0.013921174308642726
975,0.004125610081730871,-0.011465959983575203
976,0.012842775647389247,-0.02624751900454048
977,-0.01535798718663803,0.025193909169858628
978,0.05045738684909671,0.0007061653764967611
979,-0.004098827476562761,0.03491111170726098
980,0.02044081543696018,-0.0426819275790694
981,0.0016650472713632793,-0.026554350363798974
982,3.0330055049511803e-05,-0.007954861361987508
983,0.02526393223895839,0.005619056116902028
984,-0.005915408606591141,0.03404348911948431
985,-0.002526044837889917,-0.03242747361063066
986,0.01842549390036363,-0.03549065993077043
987,-0.011816809157606765,-0.01462850040580202
988,0.0005291901501796358,-0.024194183477199
989,0.030805529947492256,-0.06398447341862418
990,0.005216954110971059,0.028981909613145874
991,-0.01432699227893533,-0.004713520459511806
992,0.01209927480426007,0.02143230708369563
993,0.04186808353902974,-0.025179316210327728
994,-0.017865370477177157,-0.005988739413936355
995,-4.011709403382669e-05,0.0002995447099686992
996,-0.033829950982595454,-0.03246514321606807
997,0.016388277586284153,-0.008226956366370691
998,0.012785873982303091,-0.005009982263819232
999,-0.038275484316264693,-0.02745883806252977
1000,0.011057468236431228,-0.0011543390343317264
1001,0.009937557745475677,0.00019861157905455432
1002,-0.03951983971339906,0.008558190784077059
1003,-0.02448158828514576,0.02407959569670083
1004,0.010766988502006875,0.02689658285695785
1005,0.03746711949970585,0.011913521507662428
1006,0.012090830235658866,-0.0025537989660116872
1007,0.0032506973924851267,0.010915885954643772
1008,0.01390543163362593,-0.009619243239946602
1009,-0.0028910763266704062,0.01915333882021769
1010,0.020035293515189873,-0.015881933231046728
1011,0.040945209976837954,0.0237352909176566
1012,0.01957710318725263,-0.04708359015857647
1013,0.026739929717105756,-0.004124111113113082
1014,0.010207601501937967,-0.003929753050194532
1015,0.0006915938129680389,7.567604916380252e-05
1016,0.021535518314933434,0.0009258953690084354
1017,-0.028288828858415216,-0.039557071447294964
1018,0.030831609978427474,0.008180437094720985
1019,0.0072364427242943815,-0.03011260970649073
1020,0.044590175310606744,0.019447386141646848
1021,0.0230234711962634,0.003623937354850213
1022,0.0050598974110673215,0.007906809634708923
1023,-0.006724036738161132,-0.0269120947947063
1024,-0.00628269612425792,-0.005580216413257364
1025,-0.0272379840163398,-0.020829056888220867
1026,0.019437109354406224,-0.04029095699298916
1027,0.02024691543377275,-0.03146695489093964
1028,0.02212554900022269,-0.013350110165267791
1029,0.014676452868032614,-0.014805006089301295
1030,0.02275820046281755,0.008465670747526827
1031,0.010085912178541018,0.014676181190795643
1032,0.011647428193265776,0.000281226607655266
1033,-0.0028246093615338333,0.016130717800475404
1034,-0.006398229048011361,-0.007946261356288887
1035,0.02909956037937876,-0.002680518746413087
1036,0.0008463799152220543,-0.017697853385485685
1037,0.023992164147180837,0.008441509572860774
1038,0.02816151740391243,0.023432754393550043
1039,0.026163086963470052,-0.009219097342514367
1040,-0.006478780050359692,-0.04963165218845924
1041,0.047330273155619176,-0.0018438352224905052
1042,-0.014876561740437588,0.00504256360097871
1043,0.008689535679609828,0.007727258493891685
1044,0.00703519434351151,-0.028124122925246377
1045,0.0151990357490528,0.002271149074657832
1046,0.0014239268961452043,-0.0389801613113546
1047,0.0039352144975232815,-0.013787738171806212
1048,-0.01816704880142708,0.02272522720364439
1049,0.0026287248570545786,0.012392624189507519
1050,-0.011860003911237852,0.004663771157080952
1051,-0.027249418273416842,-0.034780610098285925
1052,-0.024658968935493734,-0.01143784708377804
1053,-0.010758336815437303,0.006780106196128627
1054,0.02588952466258908,-0.04074427742192893
1055,-0.015652423406077417,0.007071241059734519
1056,0.0005002338948038799,0.04448792595135462
1057,0.02080300880791541,0.0036811659036365026
1058,-0.023897889505260003,-0.02540840115250245
1059,-0.011160848902395581,0.016002601177943058
1060,0.032382988037965035,-0.018624850958383538
1061,-0.0005259974578668418,-0.032310988794973135
1062,0.022969725694259858,0.0032913666382370145
1063,-0.03482384090322493,-0.0009535356689801045
1064,-0.009004756485141362,-0.013623896393205616
1065,0.04897811785772105,0.007296838603286243
1066,-0.0264141805222167,0.005012778694853455
1067,-0.027537741326536313,-0.0070277604694729675
1068,0.02669712114891605,-0.03100242918164466
1069,0.018400952478256398,-0.023788408793855492
1070,-0.016717250601376864,0.009068375450788622
1071,0.04219673094651686,-0.018677369555687436
1072,0.03711071295213149,-0.010879193445700215
1073,-0.02185137378338803,0.003978937765996097
1074,-0.05909139715286687,0.005234433049052891
1075,0.005231182397842435,-0.04814201036554557
1076,-0.02318738080882667,-0.01580442195568268
1077,0.0029342899738925977,0.012389638706437339
1078,-0.024870876067554875,0.011705575840979428
1079,-0.0071242721460270594,0.010246413344428742
1080,-0.029319417808046994,0.012425863838960586
1081,0.00882027489629238,-0.013713579244556079
1082,0.02259961855994484,0.007183399318243901
1083,-0.012983587486596233,0.032955642751067875
1084,0.025681466636297366,-0.028206209103209274
1085,0.0003896288788116838,0.02408951581128558
1086,0.008726937305586374,-0.014127996639403362
1087,-0.00289807012572843,0.02654439985814827
1088,0.008909801285004284,0.007822536697832548
1089,0.020042538177717544,0.02604928057402412
1090,-0.04817541172743763,-0.03488875262168661
1091,-0.013068607936606129,0.015690498700832185
1092,-0.025782131961141586,0.0007481510410829959
1093,0.014891171307555595,-0.036139174296790165
1094,-0.023900922050131737,0.0009809993499815216
1095,-0.02080119708439537,0.03079351769866664
1096,-0.0014750965565456255,-0.049679892841845354
1097,0.015439804808115519,0.0361951342155217
1098,0.004985967942521604,0.010963055249951342
1099,0.005410044311357302,-0.03897612958600332
1100,0.008697090364909886,-0.006283771402923721
1101,-0.00034349761686048463,-0.03402868697389857
1102,0.01989418147177316,0.020024483667355118
1103,-0.01615965608053951,0.03454186777966924
1104,0.02019925614439037,0.025435627693973818
1105,-0.02255678916177037,-0.026005975316072318
1106,-0.036033518459526286,-0.026557928630672866
1107,0.00892621198099152,-0.030896880648367958
1108,-0.0459443434850425,-0.043152025750463084
1109,0.012582118664637657,-0.00768755244724438
1110,0.017494352021220214,0.010600110340210918
1111,-0.013272088423321917,-0.014918321878549062
1112,-0.007680475119931259,-0.009012414441457464
1113,-0.03012139236169887,-0.0027801065472644227
1114,0.005319821530624654,-0.030060724287819397
1115,-0.02228294346125426,-0.020269287406104484
1116,0.04394612982355227,-0.003584019257855594
1117,-0.01995583371977565,-0.009031856635015663
1118,-0.014428634676195163,0.007462278404887775
1119,0.01286976095198173,0.015096249100327325
1120,0.017907996528475283,0.02198177332925111
1121,-0.011144471274637479,-0.004629880210971876
1122,-0.023442635857578643,-0.027270113848763815
1123,-0.03594424888190498,-0.03751622958968654
1124,0.039249416590606434,-0.002498389962693292
1125,-0.00770069359960853,-0.0028571131583570823
1126,0.014836389838631009,0.004976774540899766
1127,0.004655547000482966,0.009298644539070675
1128,-0.010270765233126979,0.00020394812095607604
1129,-0.03428775461537777,-0.017868178034485625
1130,0.040174989701684774,-0.011610458743866894
1131,-0.03629118735436897,-0.01076909747117213
1132,0.009821199032988092,0.02616893022438489
1133,-0.040940883360664024,-0.0017721013095114424
1134,-0.0019438548031876985,-0.056897814691417435
1135,0.007674567307226048,-0.005578490548966696
1136,0.009094239340717748,-0.03845956320054713
1137,-0.008356408594180778,-0.001785260837416719
1138,0.00506417340039795,-0.016801343872251663
1139,-0.035961805860988155,-0.004766360860976565
1140,0.004432022583304118,-0.01093677353464568
1141,-0.015607740417216862,-0.029545108214493868
1142,-0.023202442653296657,0.013513497178956346
1143,0.024206917508332343,0.03276804162793502
1144,-0.03532565019454031,-0.003911745816139831
1145,0.018631941248496,-0.028630579138569312
1146,0.0034136239532375893,-0.009719984831787659
1147,0.008783303391894816,-0.019126407540545586
1148,-0.01487916117671905,0.006421393518160637
1149,-0.015264121092937639,0.008968911500523404
1150,9.840739139238827e-05,0.020645011065795235
1151,0.011714041327638848,-0.021302848823364518
1152,-0.0026152559108403245,-0.011342041115377652
1153,-0.020693904132138008,-0.006693145209416379
1154,-0.019697021321200603,0.034589710524521096
1155,-0.0004921915781601306,-0.020391199626017115
1156,-0.021723679274378696,-0.02424597716676661
1157,0.0067196014962612105,-0.0031866604671319807
1158,0.004797869143399566,-0.06387894572086472
1159,0.013044537164878505,0.015052374529645607
1160,-0.01515256741003932,0.01940907180737324
1161,0.01949893249163297,-0.009574604358074938
1162,-0.005272531304944776,-0.0013256795225789107
1163,-0.013460922811075972,0.01215476008744892
1164,-0.030589986390626763,-0.002779403679075158
1165,-0.014161527556634385,-0.00770850959460927
1166,0.007139615576195653,0.011103130296416526
1167,0.015533277286159367,0.0034495729281220225
1168,-0.002553677521610696,0.0035266689060109587
1169,-0.023580409835372813,-0.01980688653881073
1170,0.009003587173675462,0.02448391493588018
1171,0.005226606209509279,0.0031949961210185765
1172,0.046865149487267,-0.023011685024295164
1173,0.0036601810655751466,0.0021819690877535793
1174,-0.012332136694565518,0.060249767018724594
1175,0.05590978222965888,-0.01421873062863092
1176,-0.04275602963207498,-0.017967787286147917
1177,-0.03333989989989155,0.008002821085061758
1178,-0.018566527138843644,-0.050523738081620403
1179,0.04323759631303782,-0.011450825667084469
1180,0.01321628534577115,-0.003595628816896581
1181,-0.0531079493391253,-0.015404452021330776
1182,0.03256525685907579,-0.012986512458397515
1183,0.03193635929197716,-0.02202795186643361
1184,0.026282293151247183,0.022504683232930173
1185,0.04105800801620926,0.005086572686003001
1186,0.024656184143884066,-0.035196237113302296
1187,0.020968646532527554,0.016239668561428753
1188,0.050592330560089896,0.006308911122529617
1189,0.038756028800362004,-0.021947155103242116
1190,0.015953382398918633,-0.0004887975176507945
1191,0.01432028092448577,0.012721987393462208
1192,0.012365880117180114,5.8987157115443786e-05
1193,0.023019658496506966,-0.017424032638725603
1194,0.0037212273651370765,0.004204849508881423
1195,-0.0018665018664644503,-0.008383690699946036
1196,0.0054827679961405185,0.028772313869190682
1197,0.005745013551337673,0.01813831652538211
1198,0.014561413134691212,-0.026054525178990012
1199,-0.008399921457261037,0.006623568598928727
1200,-0.013570915134196141,-0.017543368636628157
1201,0.012816467896388422,-0.013759488092120846
1202,0.0006743418213642483,-0.00969332420795167
1203,0.0003196927212197452,-0.00834556868290879
1204,0.01899737298950215,0.017917925566521855
1205,0.016018223559375152,-0.03960489372652595
1206,-0.029157811586898785,-0.026540790529906322
1207,-0.01727029795043924,-0.02700589771392805
1208,0.037898078486295346,-0.034120501756083735
1209,0.011543541167474686,-0.028290460420604836
1210,0.03670265847607134,-0.02857077495250683
1211,0.008926472188947675,0.02521187335431817
1212,0.007197111715837645,-0.008480560513031563
1213,0.03294556687675227,-0.018605381878900932
1214,0.040326336494186196,-0.031014404923325255
1215,-0.013700375985690112,-0.004304834265166643
1216,-0.012908328345773929,0.03409765343518993
1217,0.013383677021761261,0.03774947784556429
1218,-0.020795318169233648,0.010943139721336651
1219,-0.00444182190040884,0.01463166222875975
1220,-0.02017405545883131,-0.004548741897566413
1221,-0.014158109618627526,0.0026621983815434073
1222,0.027797223229478193,-0.01500717746075978
1223,-0.01758618600477761,-0.007731152565419967
1224,-0.008012347982727958,0.06149569151117663
1225,-0.013559926834234145,0.028509773197778206
1226,-0.002582065024125494,0.03281106200504082
1227,0.0007166065993144009,-0.02642620262399935
1228,0.0064960412505496844,0.04356691139343246
1229,0.006605879342333865,0.03488448889018429
1230,0.006188530781237609,0.0015033775816359037
1231,-0.02165518431726197,0.03278728094122305
1232,-0.005199831194531432,0.0031934438094711306
1233,-0.009496255024582154,0.02522956761870468
1234,0.0037716376222873826,-0.002304474504516819
1235,-0.004102685723379492,0.001499441576710718
1236,0.013211628192105588,-0.00930012493255893
1237,-0.024583409850677078,-0.03138345583687977
1238,0.010775928247789826,-0.0019446140606908583
1239,0.03782182462936617,0.0005795994091615284
1240,-0.004426698614340757,-0.013098545215436625
1241,0.01912875409270311,-0.017518695582993
1242,-0.023218434017197014,-0.006490528748447599
1243,0.015329518877746511,0.027891519614881417
1244,-0.014622289200061655,-0.013839787189946728
1245,0.008925720567430333,0.031624658398665795
1246,-0.0005380562010300335,0.010793739122362879
1247,-0.032120320469708016,0.03244986578775521
1248,-0.028457289020313456,-0.011413817578516085
1249,-0.01397904355585968,-0.04125731352274555
1250,-0.0014421159614405185,0.02944945315505876
1251,0.0572214342403663,-0.03007934891519887
1252,0.034838748427921486,0.011125531685583246
1253,0.0035711172776225516,0.020488298825038893
1254,0.03188934477693169,0.027461736622008813
1255,0.04623772443677682,0.02454887975567852
1256,-0.03563575491831614,0.015929634621759857
1257,-0.009445219549828873,0.00875784536434083
1258,0.01301465904964356,-0.03052568175315277
1259,0.06271566634134347,-0.010703120474981724
1260,0.018208994003629783,0.010575978409227157
1261,-0.02024522214786952,-0.01745864195081057
1262,0.03810944545798727,0.001378495363963905
1263,0.0005696865002775514,0.047509590082844604
1264,0.016216134074663956,0.000848720984647099
1265,-0.018831119586527653,0.0228735302509141
1266,0.02976265835977338,0.0002992321450171897
1267,-0.001974795427425157,-0.003352637806509013
1268,0.027947831651549872,-0.02186846849191769
1269,0.0005681270388308824,0.02361069849135013
1270,-0.009905613675836039,-0.023841584784629787
1271,-0.031236104202163162,0.0013573561042550608
1272,-0.026346379288792007,0.014746224601946828
1273,0.02708945188958886,0.007236886349824475
1274,0.007939320666591228,0.051581591755034295
1275,-0.022951253759220646,6.841612014153221e-05
1276,-0.018185511655803906,0.008339719425140288
1277,-0.04363214932645363,-0.015095706374929713
1278,0.016962315709689424,0.020262447873971644
1279,0.010592869505666312,0.011474473637714476
1280,0.015880573807679713,-0.008017411898090498
1281,0.0021807913254579493,0.009734746374704884
1282,-0.011387613568406611,-0.02008293739259024
1283,0.004424994011188788,0.051797155940492466
1284,-0.001969932298045196,0.024510563424847507
1285,0.02803129388054231,-0.008188807105112834
1286,-0.008638085352943288,0.02430493972319956
1287,-0.024184751658848314,-0.02299595715839839
1288,-0.008297808379433433,-0.051742907151993374
1289,-0.010953936099332448,0.0033708004989708965
1290,0.018653716173505683,0.031590261797262584
1291,0.0032551947420387233,-0.008445712242792459
1292,-0.008734024617320776,0.005235705208774045
1293,0.00941552084800483,-0.022343743166594442
1294,-0.0012915217068519504,-0.024643886454375985
1295,-0.02516028253296271,-0.01057979258336698
1296,-0.004242503566170663,-0.019633196536358907
1297,-0.02550063931476976,-0.0019496042157596905
1298,0.049820418054986555,0.01131707641214597
1299,-0.0016387748010378877,-0.016018349804238486
1300,-8.090234477437068e-05,0.011679934557196917
1301,0.01240680299921748,-0.014542533747156238
1302,0.045429873268029726,0.00902135913543384
1303,-0.03038093453020543,-0.021657151010234885
1304,-0.013587366842084659,0.01967851730572958
1305,0.017759621946588616,0.030297180125639554
1306,-0.0006850040120756527,-0.00013529196706605663
1307,-0.011460042906308844,-0.01556871519606579
1308,-0.027995917076541813,-0.00802420831660725
1309,-0.020072335775953784,-0.04163617405790261
1310,0.007146137392543181,0.0062864738552529525
1311,-0.028616329794708295,-0.02081019407880308
1312,-0.01543243786434281,0.010230979788576478
1313,0.020263530232596094,-0.032747760274707244
1314,0.012168878266501315,0.02574880377347504
1315,0.01930516468319998,-0.029535779641517053
1316,-0.05238650467047708,-0.004833694804745002
1317,0.044352567333265695,-0.009303331620365202
1318,0.00792305666482954,-0.029051992766349226
1319,-0.017120008207392845,0.004306906886587241
1320,0.01882157706064718,-0.019806617405674902
1321,-0.025556233652883776,0.014677616754527256
1322,0.015229219660238543,-0.00675083123531444
1323,-0.0076359529063547964,0.04404496935863675
1324,0.0006797120525842601,-0.010450910990377862
1325,-0.001923044718062917,-0.024382009366034272
1326,-0.008541557110165661,0.012667392925537414
1327,0.009732689833759316,0.00405346498989868
1328,0.003408954301875817,-0.020533961962691322
1329,-0.037881600920155724,0.0015236872300278775
1330,0.026416794686015113,-0.05179299968070894
1331,0.025849985386956358,-0.008721980309285862
1332,-0.008829431225809955,-0.024909504622284508
1333,0.03255579966890868,0.015154425559961075
1334,0.029054159544186296,0.02083116136351252
1335,-0.017570201313932308,0.02499925752612063
1336,0.016919072896451486,0.007732152567797098
1337,0.024932053426872706,-0.014763317762283802
1338,0.03824291063294661,-0.05145752581529303
1339,-0.02707619971285964,-0.005792605442114597
1340,-0.014327705720421104,-0.04701381064083608
1341,-0.022646470594412826,0.012456018187225507
1342,0.04853165859527321,0.00429899904832274
1343,-0.02267295406972459,-0.0026969802618347378
1344,-0.008693838396245823,-0.00849917117237229
1345,-0.018014718071768156,-0.03239786721405811
1346,0.004797358476680593,0.018725923106344043
1347,0.006618024820180685,0.021767754477623483
1348,-0.0059538693254889705,-1.288911993543711e-05
1349,-0.028317307652811277,-0.016278331754769428
1350,0.002163314953255128,0.020736871065164992
1351,0.013314160945360287,-0.025757949861804127
1352,0.0011475820252488259,-0.01271314094614261
1353,0.03066615509461795,0.011787198723042623
1354,0.0056676751189670225,0.017470633041228742
1355,-0.006159981925290574,0.029002994563256976
1356,0.00582805048575938,-0.03820485535585655
1357,-0.00769331675038448,-0.016173703940750513
1358,-0.017548308369032147,0.044170000532881046
1359,-0.021578979015074166,-0.04635485798166694
1360,0.0389318187539043,0.02363735929566781
1361,0.04579436407311107,-0.0025508759927786034
1362,0.06072997944936118,-0.01843528250590169
1363,0.008987804379895882,-0.03656294604889973
1364,-0.0029975281938790658,0.03083085978706219
1365,0.014367077635225236,-0.02502813763156968
1366,0.008400072588471552,-0.011806429156979647
1367,0.004125758921957705,-0.0011242879607390236
1368,-0.007606113793295754,0.02629543005907456
1369,0.006254369351109853,-0.0015633999068608486
1370,0.030030541505740246,0.014202149430290177
1371,-0.012981040943419923,-0.009417783878429344
1372,0.03748951494879112,0.011692625199646768
1373,0.0038240355646357175,-0.014882123094058473
1374,0.03758885048599243,-0.0007225105366948264
1375,-0.01053483230478909,-0.015509600775122815
1376,0.009384040819561129,0.0016446646898877167
1377,-0.004441669801654225,0.021438069912350706
1378,-0.010697721370139567,-0.03153971001055931
1379,0.00022441547760097705,-0.007391110260004337
1380,-0.017976178825552185,-0.018370457407521114
1381,0.010733978848065824,-0.042137376640094204
1382,0.0021315516062729734,-0.029666791319499747
1383,-0.017330239067832667,-0.010547762651198805
1384,0.010203361890943806,-0.02017627310801296
1385,0.015593971797363557,0.010562269215732036
1386,-0.014296110930347977,0.014571949686783863
1387,-0.005672416802715501,0.017928142480517373
1388,-0.01383117637250911,0.016762746326346455
1389,0.03513517982888231,-0.01958895508061267
1390,-0.029470594226093424,0.008959579129231699
1391,0.0010928291104194744,0.011182575671302888
1392,0.021529798292244384,-0.018864758907824842
1393,-0.003025962171636855,0.0010155492484427795
1394,-0.014403250978836346,-0.003704823326926157
1395,-0.013389309957566504,-0.014882013626188257
1396,-0.013574408420836027,0.03481174835653825
1397,0.019027392807100182,-0.002859844959896003
1398,-0.03237926490924391,0.020607020039741818
1399,0.036833246916379125,-0.024516100328076617
1400,0.016159147796872966,0.04753871713722088
1401,0.04932896702343921,0.0184182791829418
1402,-0.03110451068527065,-0.00942179921618043
1403,-0.04016306859747811,0.01633219646993181
1404,-0.00367853821974635,-0.045780576450122575
1405,0.017812706228620308,0.032450003439852125
1406,-0.036188970595641023,0.0034167666343894775
1407,-0.026317249350740025,0.005647273330258479
1408,-0.01815611568439178,-0.0202553106189797
1409,0.018104495838839465,0.02810422279708246
1410,0.012423218985749744,-0.006717445372930653
1411,-0.003233910946414577,0.02925537094582205
1412,0.027088911696357045,-0.005271483678105449
1413,-0.01717811160973556,0.030475914825221738
1414,0.03809387190845405,-0.002070840160247426
1415,-0.003827370016419798,-0.0008473436476086672
1416,-0.017455781551567167,-0.005184657135440387
1417,0.033075707674593335,0.032474729289143967
1418,-0.01703665304049777,-0.02545930488942608
1419,-0.002459689835683824,-0.030225117085917578
1420,0.042811663861247,0.019205508342138786
1421,-0.0219222095615387,-0.029646413220291875
1422,0.00911790067741322,0.020970837461228374
1423,0.0439832195629851,0.0023685443797783366
1424,-0.016746474373024373,0.017906822367682724
1425,-0.015003935210048992,-0.010312320629811383
1426,0.02831681962819711,0.019502470710903833
1427,0.030244491838575326,0.010264543462627928
1428,-0.020522494924959455,-0.01719524855224644
1429,-0.00099901053520389,0.0021778974241482138
1430,0.014077906001293503,0.023683892623146546
1431,-0.008432637865843445,0.004508619946408977
1432,-0.01726170444062846,-0.013911495272249061
1433,0.018568581032099178,0.03576460388842382
1434,-0.017079293465860013,-0.006638405861845939
1435,-0.030171894080853304,0.023681094708399672
1436,5.515802492831473e-05,0.005122945121447265
1437,0.01214244701235161,-0.020435243741558907
1438,-0.0038917532069339725,-0.010983781425038176
1439,-0.0032613063636997854,-0.01752511002910824
1440,0.023499815520464495,-0.0012645165946714586
1441,0.01620391091656518,-0.022494686183481487
1442,-0.009667051496364279,-0.04135875727412288
1443,-0.025255972539023373,-0.009952968695702313
1444,0.02753424214781265,0.009202441949072075
1445,-0.008592518871152793,0.012974200308340315
1446,-0.0018393795215852393,0.02002929195227653
1447,0.03133208029816324,-0.02494932538207917
1448,0.029023172492211185,-0.004620558837243251
1449,-0.00553999687516022,0.04247239400416261
1450,0.0010068143071090667,0.0016046709672052175
1451,-0.03361257897159411,-0.01177439345550167
1452,0.027774455870423334,-0.007579535842293546
1453,0.01768092080634892,0.010936870199295559
1454,-0.03819382783656775,-0.006750966865874809
1455,-0.02283427754697982,-0.01461058943223244
1456,0.014485248716366946,-0.002311823813338421
1457,0.021078131848805835,-0.025948541305955097
1458,-0.019992560782040973,-0.012788853196603544
1459,0.028013743959907526,0.0008613155727092676
1460,0.0025788153167834015,-0.005007512323129579
1461,0.015534022457018853,-0.010036327670376554
1462,0.004140774235688975,0.02887434346325965
1463,0.005029797524115182,0.029757709809672826
1464,-0.007141277754339284,0.00035305533606700605
1465,0.005884039590373666,0.014133480656745629
1466,-0.013688484274483537,-0.024340341884199316
1467,0.023265310638584134,-0.0020692864237901155
1468,0.04109284774340542,-0.03179188207857538
1469,0.02548214362894831,0.03371757136713097
1470,-0.010198644552656677,0.03948348215848846
1471,-0.0011611582570343838,-0.02330181920019925
1472,0.013001213214874746,-0.0186480539740195
1473,-0.0143912083701825,0.02603725360153166
1474,0.013299670578880448,0.000463514098042557
1475,0.004740967530153638,0.019523269149840098
1476,0.006858745274654078,0.04634348090847416
1477,-0.001891151524783939,0.011147510261430953
1478,0.014882989116370543,0.02135786227391482
1479,0.024115114621961555,0.032080366250531095
1480,-0.0008579630452984104,-0.012332575926465101
1481,0.002078589618992971,0.0014177060831381517
1482,-0.004354601614335433,0.01833713027479653
1483,-0.0364820641123229,-0.014749158116561521
1484,-0.003406235411573977,0.01254425455983001
1485,0.02913743477499481,0.010459736740003686
1486,0.0064187393039666805,0.019187498366645975
1487,-0.015537425391773822,0.006088270610047579
1488,0.01946928861328582,-0.015329814907020053
1489,0.009120710360766941,-0.05536723173891589
1490,0.03587461846558436,0.02021492190452505
1491,0.007467688671968341,-0.02263242093729919
1492,0.04030630291577592,-0.021872824292679855
1493,0.00630557582644204,0.017981746838880038
1494,-0.011612270523503975,0.008752051359266063
1495,-0.005642337433514669,-0.06243483557743246
1496,0.055397679207902444,0.012449002996006178
1497,0.02556703007101619,-0.0495769921670143
1498,0.0500878688517403,-0.016553573882151017
1499,0.011531935977068296,-0.013061500387964282
1500,0.02505753262781787,-0.027689604804075212
1501,0.004101224652554646,-0.014551679751596247
1502,0.02072190815211211,-0.021237937386109428
1503,-0.015374435610928336,0.0282344804936364
1504,-0.014063904336021327,-0.03461780809012094
1505,-0.022364823094717136,-0.016062223378440335
1506,-0.02702314655798373,0.02694634437676479
1507,-0.02301670189916645,-0.01930907280632188
1508,-0.015067919759344755,-0.01728543091890152
1509,-0.0013307968748638424,0.006673892924484152
1510,-0.009460091826723518,-0.002426127295305383
1511,0.020272076780931576,-0.0386950960865432
1512,0.005849098446776117,0.03486826640366434
1513,0.02674590904129434,0.005158336888145998
1514,-0.0007791539914485583,-0.010342360712109476
1515,0.0011993850985439294,0.012455988420866305
1516,-0.05359212293596934,0.0009579765453345063
1517,0.015553751965420482,-0.032066997845384124
1518,0.023040073853463985,-0.01318680788391724
1519,0.01597522300805538,-0.018166738510399627
1520,-0.012594098933696573,0.014467899187249347
1521,-0.02195183900562479,0.013940547577108109
1522,-0.023054987208378393,0.03641691455538528
1523,0.020422549621174516,-0.009268100618522495
1524,-0.0066611895472611015,-0.031043254052764088
1525,0.052505426603193676,0.007759627794419512
1526,-0.03211873430251727,-0.007701771633285832
1527,0.026660351343247523,0.03690765246641568
1528,0.00587068869751398,0.005803858917308884
1529,0.03629654625353046,0.0022855032807797227
1530,-0.011486755648660191,-0.03397698529415164
1531,-0.0037953671097758447,-0.008920329819815451
1532,0.006710332886828707,0.02004927563380373
1533,0.0057814956358332205,-0.01653635875236045
1534,-0.0032966956554717547,0.030259493971112165
1535,0.02604487439113373,0.020574090322910143
1536,-0.008839992558951546,-0.005631566508212039
1537,-0.009217296947137115,-0.0018032577785622593
1538,-0.010689001531242007,0.03295532757761395
1539,0.0258869485606223,-0.02433963656148218
1540,-0.017823567480837445,-0.023693217762542403
1541,-0.025615429410235525,-0.0014321271476672838
1542,-0.03255415241705938,-0.033676331771799795
1543,0.02458432480425207,-0.010909236394187276
1544,0.011309990007121013,-0.01346822327977171
1545,0.021586770186075677,-0.025373222064454415
1546,-0.0015101819596287562,-0.014658749357538341
1547,0.024695290244917602,-0.012942452859811064
1548,0.02572542670723242,0.0013959281737273646
1549,0.022215041555086808,-0.008876887372933769
1550,0.008938573685484891,-0.016387861845358936
1551,-0.019941920660256754,-0.016045606986994997
1552,-0.0058140444004697745,-0.0008011536422015668
1553,-0.02132002065472697,-0.0030666925620217293
1554,-0.0254153175500965,0.009871316196209142
1555,-0.028619185867648507,-0.026962681659182253
1556,0.012239867254646864,0.009248048856553313
1557,0.031681462475871315,0.013428959799933167
1558,0.0011162573836903877,0.025186669473648903
1559,0.00046427834110063145,-0.022965304917868353
1560,-0.028556940596637926,-0.02273414778322292
1561,-0.020508936545439158,-0.035114947087048994
1562,-0.04182295155239108,-0.013687610912935074
1563,-0.009464229698161788,-0.013938744941464716
1564,-0.023074946779485878,-0.002834986990202965
1565,0.013692859747299025,-0.007001769672649633
1566,0.046511510899594447,0.0015296492247076291
1567,-0.0030610867552063764,0.002610029475916319
1568,0.03697494542875168,0.008565251043392636
1569,-0.012176014134538145,-0.035501481872414836
1570,-0.021295969835480127,0.01364543061157526
1571,-0.015892196056551695,-0.025687404270037587
1572,0.016181355586843638,-0.027319798765312764
1573,-0.054242750203491376,-0.023552972670197035
1574,-0.051121358988012,-0.011780399651440815
1575,0.0134523640701019,-0.002906461895910148
1576,-0.006473421682306779,-0.012812730317709
1577,0.020641055230220383,-0.008228189223817236
1578,0.004597946668208339,-0.010820926285379359
1579,-0.002587441248087288,0.05966953975449917
1580,-0.03517320625561414,-0.02257470814620436
1581,0.005532304767843529,0.04164196869904078
1582,-0.02978714580435672,0.024704820278220303
1583,-0.011645394183301471,-9.83831060833423e-06
1584,-0.0010746332215398472,-0.05372100852318713
1585,-0.01585698901915105,-0.0032807173414542397
1586,0.004513149557822759,-0.005568667989898766
1587,-0.0029902172871705867,0.02715523176155134
1588,0.05667854929743983,0.009458677615446495
1589,0.014192185674718368,-0.004102107979237076
1590,-0.04664682878956309,-0.01800479372717777
1591,0.018664763774384124,-0.030106346034997025
1592,-0.009494644490841768,0.004491386047550257
1593,-0.021165599241037617,0.03830334093214008
1594,-0.011981327439852774,0.007514366761667535
1595,-0.019896370809107552,0.01073276239196178
1596,-0.029706520341953247,0.009412709188084066
1597,-0.028685866689937844,-0.012712942946846177
1598,0.008149051781276498,-0.06719948228843427
1599,-0.03747996839074212,0.026892940596549057
1600,0.048415167134512944,0.009923054324656781
1601,0.021052876282281398,-0.017525268560076343
1602,0.019258635043440334,0.028369343378046696
1603,0.023600018650829637,0.019445726360316228
1604,-0.00668457325993723,0.020496151057370456
1605,-0.036083525891267634,-0.004491325520265976
1606,0.005162672453056282,-0.03002794515365358
1607,-0.048856453511662734,-0.003525082808071086
1608,0.01865732947790707,0.026287046830742986
1609,-0.029648738466670453,0.019489779995984162
1610,-0.013712009870718456,-0.01704749364794749
1611,0.002945914932076186,0.012272777721896312
1612,0.0128095863065882,-0.03143173081780662
1613,-0.01988567947049927,-0.0021611045336901373
1614,-0.03751006075468453,0.012874020122546046
1615,0.008018583573901996,0.009188230728477482
1616,-0.0006069153361807464,0.030807880764578948
1617,0.04268962371122371,0.0350677160056966
1618,-0.01677457063352871,-0.0004715195884600421
1619,0.020402887115230167,-0.03299580487158519
1620,0.018287064821273315,-0.005834275531353255
1621,0.015554301959979795,-0.012417926776268044
1622,0.02663959979325563,-0.021968008018723888
1623,-0.02822022185730048,0.034938245277795016
1624,-0.0072373324870125605,0.006988393601627193
1625,0.016767708330380805,0.014433902305909973
1626,0.0035689737246519014,0.0044470368209484365
1627,0.003836436217466522,-0.002561353127296092
1628,-0.021855347863987015,0.002354047360822784
1629,-0.010502439008598588,0.048570305730077055
1630,0.027533534266586092,0.022807482794815273
1631,0.02909797179329253,0.015103115815667928
1632,0.011169062598852543,-0.0031740455954299114
1633,-0.007248897788044012,-0.025450984152532267
1634,0.00012212379025115932,-0.010745383624712708
1635,0.005652672059690024,-0.0020348079316664385
1636,-0.04063994225579722,-0.008215879643812771
1637,-0.035734002579511676,-0.0005313204056774073
1638,-0.010939685922107215,0.005710722326770605
1639,-0.0076427397754972965,-0.0329817106930112
1640,0.005076609220734983,-0.024861629265959643
1641,0.004999858517176896,0.03886116436260069
1642,-0.004037166804682748,0.03433964414775918
1643,0.035961625040208264,-0.020896488266488905
1644,0.010888174121229074,-0.010092369430340328
1645,0.0026088840574602316,0.02841027488203717
1646,0.004943108374082827,-0.020699409338858058
1647,0.015050274688984793,0.0367279631952993
1648,0.0012104972397567733,-0.04233476793952539
1649,0.00940971857674672,-0.014758258932268002
1650,0.02964938018736819,0.008822482736209688
1651,0.006988507262239584,0.0006461212837576631
1652,0.008638635021332677,-0.03152901674218417
1653,0.010783471531958088,-0.022147476635814654
1654,-0.04882351201087992,0.004859991947743629
1655,0.007333971418624622,0.017406259335394893
1656,0.03886396085240857,0.040239792452407094
1657,-0.008456095272701022,-0.0016435543809319422
1658,0.010353897760666494,-0.024069750173885743
1659,0.013039828020050959,-0.0242132175170577
1660,-0.01567568905375267,0.019114762275430918
1661,0.03315616554782649,-0.024074520006147262
1662,0.003485782767102389,0.013175619504520784
1663,-0.007776823788992418,0.005232730513082895
1664,-0.01772677308597345,0.006950505662945814
1665,7.888386409129675e-05,0.0035615098079605162
1666,-0.01587444396741828,-0.019980550178825905
1667,0.004285561847921595,-0.0011953464958986742
1668,-0.03145962136663601,0.036266066937063114
1669,-0.010033282074260847,-0.011838670580739143
1670,0.011060899833436184,-0.055395432470968606
1671,0.013059221533070797,-0.06196956167270988
1672,0.008193947598486167,0.02507903303956107
1673,-0.028348124964071266,-0.02266369554019567
1674,0.0005172425694259339,0.047646572927700914
1675,-0.04689145741794195,0.00807595658345587
1676,-0.011789706184497366,0.018948198646925787
1677,0.010230059138241003,0.005489107282361927
1678,-0.021204001370722016,0.008835431990175103
1679,0.015466068519338122,0.033873919341184784
1680,-0.018860442127694162,-0.023522780635991128
1681,0.0321642994313738,0.010329861663642774
1682,0.02353147485350999,0.006628872430921625
1683,-0.02407899087584559,-0.04456756636734092
1684,-0.010542646000168887,0.020964779356318478
1685,0.03487336975695183,0.021322586366632344
1686,0.016293067261071152,-0.03663710539515307
1687,0.028496731583801095,-0.02174866306572023
1688,-0.0017763638262064524,-0.02355416775898456
1689,-0.040384514714623024,-0.012739553751986241
1690,0.016312183233746714,-0.0007679111628698547
1691,0.03137580777640004,-0.029979288270948787
1692,-0.017399135649497296,-0.0024219032983710934
1693,0.010963933244088488,0.005903225907657421
1694,0.030461732123843722,0.005742976684403383
1695,0.024271386040103843,0.0025180261479962195
1696,0.012710610414405925,-0.008647635945913518
1697,0.019667555863841425,0.020452405502985622
1698,-0.017444768212537726,-0.005462746225372994
1699,-0.049410695031401636,-0.013803166114714606
1700,-0.007259746391890663,0.008574008800498517
1701,0.008792852737506686,-0.023016362237938803
1702,-0.019192860104852893,-0.03325472780815735
1703,0.025986073016724988,-0.001815225024153969
1704,-0.017178693719143663,-0.01216955008641746
1705,-0.006651107119368135,-0.031099689243296872
1706,0.0008631773858691115,-0.004331281072369553
1707,0.03423283621047669,0.004227078101264147
1708,0.005374947976112945,-0.005527021655298097
1709,0.025300634123044365,0.003388278371382688
1710,-0.006255109561678661,0.0056079853504169925
1711,-0.01979827753007325,-0.028797879336669885
1712,-0.022171237083358476,0.0016283951447232602
1713,-0.0008480927575050299,-0.0214054160422186
1714,0.025661955273131185,-0.0054441513788344885
1715,0.013159526094369886,-0.005789285110833747
1716,-0.011250487614294034,0.0069772494112115245
1717,-0.004739091127700331,-0.05354451959164637
1718,-0.017750809064555825,0.016408445126015744
1719,-0.025385744474459543,0.014441512174379475
1720,0.021000861886213914,-0.04637070934638567
1721,-0.01786787389152283,0.009525542738648883
1722,-0.0018677870231553239,0.03761828377993395
1723,-0.004488006123783525,0.00936571404701937
1724,0.005846080649715963,0.0347790045041629
1725,-0.014368507930412867,0.019079503016818006
1726,0.015217912699645378,0.03467408756689929
1727,0.01635564207948959,0.02298030995714696
1728,-0.007224450199136308,-0.04485925726146459
1729,-0.04801359724499031,-0.030388699791492158
1730,-0.038404888228225305,0.020540403467224754
1731,0.005008625353422798,-0.011990955872468395
1732,-0.0017354520797589728,-0.01201180937271317
1733,-0.026854393858784905,-0.023713530126812217
1734,0.02222343787625365,-0.009071179603681376
1735,-0.004546566184915071,-0.009405668736199687
1736,-0.016738107034820506,0.014499658023719218
1737,-0.02168224553011,0.03685185202299239
1738,-0.006868640096621853,0.0493665327940653
1739,-0.035210106136424626,-0.002786815689984771
1740,0.011070280079180034,-0.04766545952989464
1741,0.0330407630662214,0.013577230528876832
1742,0.03393840447742259,0.00913757679105699
1743,0.024510989983443445,-0.0015413574181739691
1744,0.03156029021815683,0.010840962915558392
1745,-0.008150633627620817,0.0287718228205393
1746,0.026909519020178647,-0.019723356593979363
1747,0.033792874443320554,-0.019965818126040657
1748,-0.028742726890066406,0.0051957886839303965
1749,-0.0023467660309338034,-0.010605957524458585
1750,-0.0005105642014969405,-0.023321127055190214
1751,0.012463450294517172,0.004729445850811139
1752,0.0046596357978222255,-0.005041502359504776
1753,0.014496386614685088,-0.03571680111950697
1754,0.025637321948535678,-0.04016858611386582
1755,-0.0005022967326675082,-0.011642815586980514
1756,-0.044705338727028615,0.025081391575432238
1757,-0.0012356035282133709,0.024216215161892395
1758,-0.024934111509275433,-0.003176302962699534
1759,-0.003742352420575219,0.014015639120154131
1760,-0.0010642831456022823,-0.012381734753803763
1761,0.0026154676949910736,0.013260064075127843
1762,-0.031005850317681508,0.008171079534397946
1763,-0.006108379843770643,0.02133796764807932
1764,-0.0010554526632052224,-0.012709902408672166
1765,0.01725706472600726,-0.03296266392130642
1766,0.003392335348153316,0.013473431807584747
1767,-0.0046812997300904055,0.006821230105448949
1768,-0.022086334304180617,-0.010698756994481962
1769,-0.01721440677374138,-0.006798913726287042
1770,-0.012506749152900655,-0.005968690907823138
1771,0.010445060455952358,0.008589319189092587
1772,-0.012346713234290737,0.009288024643044927
1773,-0.013162988744091119,-0.005122155127147909
1774,0.0158805810629077,0.00768604765300908
1775,0.030604082419490416,0.0030801506543535026
1776,-0.00808033801090514,0.05096005841815522
1777,-0.008804709466799721,-0.02314561045172408
1778,0.02895574286843755,0.03370145046657264
1779,-0.034439157009024106,0.03464187845115647
1780,0.03083765540792232,-0.01990017863279487
1781,0.004744344831762768,-0.004625471716280879
1782,-0.009778074578353935,0.019193753196160842
1783,0.0031994345313775692,-0.023854383823996888
1784,-0.02271354304238757,-0.023288480134489715
1785,-0.03375518336313666,0.020559513470594086
1786,-0.020164541816361965,-0.0200003469135608
1787,-0.01805017954183492,-0.006603481376663018
1788,0.014559517655183906,0.027863175202042137
1789,-0.005025583038942878,-0.01676526593512034
1790,0.00974492068726643,0.02517562612717985
1791,0.0271086360830842,-0.026089705794937922
1792,-0.0285204712161624,0.007196373139590853
1793,-0.022265963283715426,0.006211072776729819
1794,0.01858293922858702,-0.016212854225496363
1795,0.011433335869741584,0.0017224338225622147
1796,-0.0011979727139028247,0.020750160730148494
1797,-0.02194136087103163,-0.001025486744394871
1798,-0.0008341340328133307,0.04380036049527014
1799,-0.026425907065127176,-0.003206556612130409
1800,-0.034799132142663086,0.0069381633049047315
1801,0.024178369504917058,-0.0039165862605353334
1802,-0.043419365846126025,0.005181954528440706
1803,-0.04475918131478495,-0.006824749559294012
1804,-0.03346044048080715,0.03540953345256084
1805,-0.009254634455659912,-0.026634311689260285
1806,-0.0016392724597862362,0.03853426608424368
1807,0.012095184435108661,-0.01825412566021002
1808,0.018496386496488864,0.014357159859224974
1809,-0.01112341942770834,0.00396009280831139
1810,0.014504307541350672,0.012993169038218814
1811,0.0031529363482125884,-0.01792462199136366
1812,-0.030158882095418962,0.014534606550843652
1813,0.048775619315677095,0.003729002990750099
1814,-0.005033101847426963,0.02514973401081791
1815,0.017912964310603827,0.0156927105236666
1816,-0.005517089596447418,-0.004262931252326244
1817,-0.0030075520321162313,-0.007482656816711796
1818,-0.004983348540505307,-0.033825604808874754
1819,0.014704219761494781,0.0036723324538709464
1820,0.011369308522837995,0.029309500854084354
1821,0.025847242812950543,0.01749870830287781
1822,-0.02846640006527711,-0.01434478112446295
1823,-0.012665111893313648,0.016265924322355355
1824,-0.023300428304401828,-0.012722114792514687
1825,-0.04485069551460275,0.008416630053210448
1826,0.03878991233623038,0.017932844168680673
1827,-0.02332626889179553,0.03212104377067035
1828,0.03664941718586905,-0.03235166516738186
1829,-0.014531269143157296,-0.014066241693608934
1830,0.03446406471300653,-0.03328091459964781
1831,0.03168021772229205,0.011230979481392053
1832,-0.03409750833042711,-0.011904235662440811
1833,-0.016758043345025207,-0.01234475928752482
1834,-0.0038371434017881517,0.001963783974669274
1835,0.017325289785609935,0.0008518927580635924
1836,0.004708599767570721,-0.025949523746611025
1837,0.0006733825844834418,-0.004184010815014097
1838,0.010729648425640927,-0.011987034597392254
1839,0.04955944486340526,0.0029859925308533992
1840,-0.007633198545054676,-0.00980017196776434
1841,0.044948914106218964,0.010267099396092667
1842,0.029868818757870595,-0.022042472247132783
1843,0.00202433366121637,0.00728289968776907
1844,0.013837830276388704,-0.012673000641375018
1845,-0.013159710016724637,0.0059645876155044915
1846,-0.027694089601041742,-0.0014469887631879924
1847,0.015282182376970621,-0.043600782879121884
1848,0.002353582242881519,-0.017302959084614093
1849,-0.01795859550522076,-0.00952369427888123
1850,0.03240865406405375,0.037703233770147136
1851,0.0018297371002575784,-0.0352521403120007
1852,0.010918096156871131,-0.04046528777129154
1853,0.01160790491548795,-0.03792011711573287
1854,0.058086382271510764,-0.0114843438755424
1855,0.032049016414753,-0.005424520567463588
1856,-0.014676476378359797,-0.003266679343524582
1857,-0.0014890860331085547,0.0029618312785020797
1858,-0.004095389846706809,-0.015575993626198801
1859,0.001763427856444582,0.034889016549065725
1860,-0.021952247134955295,0.018869165495554983
1861,0.04685365727343911,0.003943194665441647
1862,0.004368190325423146,0.024233700449535513
1863,0.02934130149420138,0.0023664525218260843
1864,0.019152647610362082,0.0011189515879733401
1865,-0.032947131384467566,-0.0274152230299131
1866,0.025384684525963302,-0.015467074969517621
1867,-0.026449156633137776,0.002807632055781902
1868,-0.02136783381419985,-0.009460129104062543
1869,-0.005598625300766869,0.01719373925779533
1870,-0.008179134718979854,-0.0031184815634927544
1871,-0.02619587440288462,-0.004506645288701345
1872,-0.04175191700125352,-0.013285624896809328
1873,-0.006922323231058108,0.008950087800041036
1874,0.02162998535161826,-0.017122362067440333
1875,0.039489567388518644,-0.001507533409582609
1876,0.0022093993541334326,-0.026003319209884735
1877,0.03808948911322137,0.006090418685924743
1878,0.004299870824890755,0.04791212176334124
1879,-0.01985647570154383,-0.020070122217446904
1880,0.03587104051669572,-0.010316960955546503
1881,-0.026273593276656668,0.024955975287404664
1882,0.010412063763454011,-0.00961957119416771
1883,-0.016146957075305852,-0.001864236590513346
1884,0.007035749080910509,-0.04935749787296319
1885,-0.04724285797018092,-0.014009988427051522
1886,-0.014466102822360211,-0.014473652528214035
1887,-0.018822627625327035,0.0011589890562509087
1888,-0.01706080814736303,0.003692770967653867
1889,-0.011332325694231862,0.03209713614271147
1890,-0.02656851155142205,-0.03735652339882676
1891,-0.006390778350815159,-0.007523059785322835
1892,-0.006024670865517391,0.04105306836565034
1893,-0.04037830445740296,0.0013341818218481156
1894,-0.003207424387454079,0.016343378400536738
1895,-0.01306322730304147,-0.012312671980620938
1896,-0.012211351465956729,0.017998806351716103
1897,-0.016538284562865962,0.034190888684358635
1898,-0.014931275152663757,0.01486988983715496
1899,-0.007901628061519828,0.008308712947166185
1900,-0.030242376945338028,-0.01835082151643134
1901,0.030872045683245027,0.024528846145590186
1902,-0.02407622946140927,0.013782283346088857
1903,-0.019115986777473514,-0.04526829115053096
1904,-0.007286321476056649,0.02690165574306491
1905,0.006884711401126936,-0.028516235625370857
1906,0.016063657777728543,-0.06204146813423308
1907,0.04372756940078058,0.009437364651141965
1908,-0.012565557939913364,-0.009583555965959376
1909,0.010405313829276789,-0.00984827944983451
1910,0.025157858056374497,0.030187411588785566
1911,-0.0013162982343760683,0.013199841690240884
1912,-0.006830227844705848,0.01854147783195823
1913,-0.015479649928456256,0.008408542471584717
1914,0.0036203728340377275,0.03098863100074896
1915,-0.007384776181092555,0.0448390188150516
1916,-0.032758838128019656,0.010997063164730059
1917,-0.019528281590056578,-0.00974519607648677
1918,-0.02457199004250763,-0.010858634886876441
1919,-0.01316588734348688,-0.0005186537476500884
1920,-0.010895864882975417,0.056263696093052755
1921,-0.005806073347075333,0.0035811552811796125
1922,0.027378699499882725,0.010556963244335065
1923,-0.02096614779729415,-0.005106086769656207
1924,-0.00603706403317641,-0.03299207044548733
1925,-0.02149366006537484,-0.012717119514344103
1926,0.025085657107611594,-0.052470741278892535
1927,-0.024767584205964123,0.029104174979329926
1928,-0.021551145227778325,0.025080618952046697
1929,0.003159378922729357,-0.01926011694423625
1930,-0.0044529941958184605,-0.019134828179344487
1931,-0.006933488380265027,-0.0014439772076315542
1932,0.012050784411563677,-0.016227776384810128
1933,-0.020977169500755365,0.030017706861727715
1934,-0.03268878250996705,0.018935133596632445
1935,-0.030289004128763067,-0.0064698263632960535
1936,-0.019426293372785636,0.014350593053845775
1937,-0.03125320166669832,-0.017785711085830103
1938,0.0072074084169722425,-0.046406621587268
1939,-0.01684442511803333,0.034503412207330574
1940,0.0222301429410467,-0.02594149173112189
1941,0.017028032783742212,-0.020616046957729377
1942,0.02199961583671195,0.008327627064782583
1943,0.012104178575502769,-0.0464972727900292
1944,-0.011426314122051357,0.0022457158675758867
1945,0.004827119692019529,0.018078465283662304
1946,0.012599879108783105,0.03706427446831331
1947,0.029791061216352097,-0.00728355770325016
1948,0.01435113028598504,-0.02311837382382043
1949,-0.008293354968274153,0.0006748032467523466
1950,0.016873585103095074,0.01817700469336313
1951,-0.008119018535087518,-0.013355528865517888
1952,-0.0007579318637324488,-0.02211494552133764
1953,0.03993373319725939,-0.010386271929036206
1954,-0.006089310502575939,-0.014995544955245294
1955,0.04208811406722673,-0.018766180392132965
1956,-0.0038132079285182075,-0.027467869064824492
1957,0.010893608443710847,-0.05289897127807017
1958,-0.029974138378402584,-0.01790158394263135
1959,-0.02570000004746061,-0.01685928845335843
1960,0.018489475098885332,-0.003036765694919163
1961,-0.011898182407432576,0.008108668714737326
1962,-0.004795826453262682,-0.01752312026984722
1963,0.004412078770363723,-0.08269326895224521
1964,-0.05026284595184678,-0.013765829423560081
1965,-0.02846451619807709,-0.006180160665298823
1966,-0.023663168917944424,0.012583130660702725
1967,0.020772388039731336,0.022777534502044745
1968,-0.029945306353876947,-0.013035055684651579
1969,-0.00889030570163999,-0.01313676908072845
1970,0.0023495260501867087,-0.018646876338007424
1971,-0.017220157453286318,0.026359936690258826
1972,-0.028124178313892,-0.0038157049854390065
1973,0.011796543747150997,0.04685433376829457
1974,-0.025686390361157545,-0.008471762972485936
1975,-0.02719107838605758,-0.020799308078514836
1976,-0.008460710207622745,0.034064084290723516
1977,0.024065813873533647,-0.03969873365108323
1978,-0.01877035226795746,-0.012771146831195323
1979,0.0021055218069629166,0.008088225478268058
